locality,property_type,bhk,bathrooms,area_sqft,age_years,floor_number,furnishing,has_parking,price,locality_enc,prop_type_enc
Adarsh Nagar,Apartment,3,2,1220,8,12,1,1,9380000,0,0
Adarsh Nagar,Apartment,3,3,1080,1,1,1,1,8191000,0,0
Adarsh Nagar,Apartment,1,1,626,6,9,1,1,5261000,0,0
Adarsh Nagar,Apartment,2,1,837,4,13,0,1,6184000,0,0
Adarsh Nagar,Apartment,3,2,1193,6,2,2,0,9089000,0,0
Adarsh Nagar,Apartment,5,5,2013,10,8,0,1,14923000,0,0
Adarsh Nagar,Apartment,2,2,1093,2,12,2,0,8344000,0,0
Adarsh Nagar,Apartment,4,4,1789,2,3,0,0,13245000,0,0
Adarsh Nagar,Apartment,4,3,1561,4,3,1,1,11948000,0,0
Adarsh Nagar,Apartment,3,3,1287,5,7,1,1,9955000,0,0
Adarsh Nagar,Apartment,3,2,990,3,12,0,0,7329000,0,0
Adarsh Nagar,Apartment,1,1,488,2,7,1,0,4057000,0,0
Adarsh Nagar,Plot,1,1,730,7,0,2,1,6877000,0,1
Adarsh Nagar,Plot,1,1,561,3,0,1,1,5932000,0,1
Adarsh Nagar,Plot,2,2,1346,5,0,0,1,13070000,0,1
Adarsh Nagar,Plot,2,1,1197,5,0,1,1,11973000,0,1
Adarsh Nagar,Plot,2,1,1260,2,0,2,1,12553000,0,1
Adarsh Nagar,Plot,4,3,3230,6,0,1,1,27498000,0,1
Adarsh Nagar,Plot,2,2,959,6,0,1,1,9716000,0,1
Adarsh Nagar,Plot,4,4,3379,4,0,2,1,32837000,0,1
Adarsh Nagar,Plot,4,3,3171,4,0,2,1,29779000,0,1
Adarsh Nagar,Plot,4,3,3082,1,0,1,1,27415000,0,1
Adarsh Nagar,Plot,3,2,1424,1,0,1,1,13522000,0,1
Adarsh Nagar,Plot,3,3,1891,4,0,2,1,17843000,0,1
Agra Road,Plot,2,2,1185,8,0,0,1,4656000,1,1
Agra Road,Plot,3,2,1765,1,0,1,1,6988000,1,1
Agra Road,Plot,2,2,929,5,0,1,1,4018000,1,1
Agra Road,Plot,4,3,1922,3,0,2,1,7512000,1,1
Agra Road,Plot,3,3,1397,4,0,2,1,5783000,1,1
Agra Road,Plot,2,2,1148,12,0,1,1,4817000,1,1
Agra Road,Plot,1,1,646,4,0,0,1,2524000,1,1
Agra Road,Plot,5,5,3440,7,0,1,1,14331000,1,1
Agra Road,Plot,4,4,3121,3,0,1,1,12275000,1,1
Agra Road,Plot,2,2,1103,20,0,1,1,4427000,1,1
Agra Road,Plot,3,3,1208,3,0,1,1,5111000,1,1
Agra Road,Plot,2,1,1219,12,0,1,1,5160000,1,1
Agra Road,Apartment,3,3,1422,7,12,0,1,3986000,1,0
Agra Road,Apartment,5,5,2160,1,13,1,1,7218000,1,0
Agra Road,Apartment,3,2,1084,8,15,1,1,3559000,1,0
Agra Road,Apartment,2,1,687,20,2,2,0,2280000,1,0
Agra Road,Apartment,4,4,2197,7,14,1,0,6847000,1,0
Agra Road,Apartment,1,1,398,1,11,2,0,1774000,1,0
Agra Road,Apartment,4,4,1498,8,4,2,0,4880000,1,0
Agra Road,Apartment,3,2,1110,3,15,1,1,4129000,1,0
Agra Road,Apartment,4,4,1722,6,7,0,0,5065000,1,0
Agra Road,Apartment,2,1,922,10,8,1,1,3083000,1,0
Agra Road,Apartment,2,2,896,4,1,2,0,3290000,1,0
Agra Road,Apartment,4,3,1720,1,13,2,1,7386000,1,0
Ajmer Road,Apartment,3,2,1041,6,15,1,1,5658000,2,0
Ajmer Road,Apartment,2,1,963,12,0,0,1,3756000,2,0
Ajmer Road,Apartment,3,3,1393,3,7,2,1,6717000,2,0
Ajmer Road,Apartment,1,1,396,7,7,1,0,1960000,2,0
Ajmer Road,Apartment,3,2,1069,3,11,1,1,5666000,2,0
Ajmer Road,Apartment,1,1,471,2,1,0,1,2226000,2,0
Ajmer Road,Apartment,2,1,886,3,15,1,1,4818000,2,0
Ajmer Road,Apartment,1,1,503,4,4,0,0,2182000,2,0
Ajmer Road,Apartment,2,2,696,1,13,2,0,3604000,2,0
Ajmer Road,Apartment,3,3,1306,4,9,2,1,6840000,2,0
Ajmer Road,Apartment,2,1,1043,7,9,1,1,5223000,2,0
Ajmer Road,Apartment,5,5,2257,1,15,1,1,11796000,2,0
Ajmer Road,Plot,3,2,1874,7,0,1,1,7112000,2,1
Ajmer Road,Plot,4,3,2991,12,0,0,1,11150000,2,1
Ajmer Road,Plot,2,1,1101,1,0,0,1,4375000,2,1
Ajmer Road,Plot,3,2,2169,1,0,2,1,7882000,2,1
Ajmer Road,Plot,3,2,2025,7,0,1,1,7465000,2,1
Ajmer Road,Plot,5,5,3475,2,0,2,1,12720000,2,1
Ajmer Road,Plot,3,2,1298,4,0,1,1,5218000,2,1
Ajmer Road,Plot,3,2,1979,4,0,2,1,7719000,2,1
Ajmer Road,Plot,2,1,1072,5,0,1,1,4291000,2,1
Ajmer Road,Plot,3,2,1595,15,0,2,1,5999000,2,1
Ajmer Road,Plot,2,2,1183,5,0,1,1,4179000,2,1
Ajmer Road,Plot,2,1,1268,8,0,2,1,4956000,2,1
Ashok Nagar,Plot,2,1,1492,5,0,0,1,33761000,3,1
Ashok Nagar,Plot,5,4,3753,6,0,0,1,78952000,3,1
Ashok Nagar,Plot,3,3,1367,1,0,2,1,29216000,3,1
Ashok Nagar,Plot,2,2,1447,4,0,1,1,28550000,3,1
Ashok Nagar,Plot,2,2,1126,20,0,2,1,22593000,3,1
Ashok Nagar,Plot,3,2,1366,4,0,2,1,31505000,3,1
Ashok Nagar,Plot,3,3,1372,1,0,1,1,30238000,3,1
Ashok Nagar,Plot,4,3,2824,7,0,0,1,60326000,3,1
Ashok Nagar,Plot,3,2,1568,1,0,1,1,33225000,3,1
Ashok Nagar,Plot,5,4,4052,3,0,1,1,88622000,3,1
Ashok Nagar,Plot,3,2,1432,2,0,0,1,31790000,3,1
Ashok Nagar,Plot,4,4,2770,3,0,2,1,63331000,3,1
Ashok Nagar,Apartment,3,3,1357,7,7,0,1,19961000,3,0
Ashok Nagar,Apartment,2,1,1006,20,15,1,0,14500000,3,0
Ashok Nagar,Apartment,2,1,861,6,15,0,1,14504000,3,0
Ashok Nagar,Apartment,3,3,1191,6,4,0,0,19726000,3,0
Ashok Nagar,Apartment,4,3,1623,20,10,1,0,23355000,3,0
Ashok Nagar,Apartment,3,2,1334,1,6,2,0,23400000,3,0
Ashok Nagar,Apartment,5,5,2770,6,4,1,1,40199000,3,0
Ashok Nagar,Apartment,2,1,650,15,12,0,0,9346000,3,0
Ashok Nagar,Apartment,4,4,1433,4,7,0,1,24461000,3,0
Ashok Nagar,Apartment,2,1,1098,6,4,0,0,16858000,3,0
Ashok Nagar,Apartment,3,2,1252,4,4,1,1,19487000,3,0
Ashok Nagar,Apartment,1,1,643,6,1,1,0,9928000,3,0
Bagru,Plot,4,3,3131,6,0,1,1,11333000,4,1
Bagru,Plot,4,3,1932,10,0,1,1,6118000,4,1
Bagru,Plot,3,3,1707,1,0,0,1,5216000,4,1
Bagru,Plot,3,2,1951,4,0,1,1,6693000,4,1
Bagru,Plot,2,2,894,4,0,1,1,3200000,4,1
Bagru,Plot,4,3,3018,5,0,2,1,9890000,4,1
Bagru,Plot,2,2,1202,10,0,1,1,4187000,4,1
Bagru,Plot,2,1,1345,2,0,1,1,4544000,4,1
Bagru,Plot,1,1,748,5,0,1,1,2778000,4,1
Bagru,Plot,4,3,2424,6,0,2,1,8368000,4,1
Bagru,Plot,3,3,1925,3,0,2,1,7413000,4,1
Bagru,Plot,1,1,811,2,0,1,1,2987000,4,1
Bagru,Apartment,3,2,1457,1,9,1,0,4377000,4,0
Bagru,Apartment,2,2,688,3,6,0,1,2062000,4,0
Bagru,Apartment,2,1,662,6,3,1,0,2197000,4,0
Bagru,Apartment,4,3,2022,8,0,1,1,5425000,4,0
Bagru,Apartment,3,3,1231,6,10,1,0,3332000,4,0
Bagru,Apartment,2,2,847,4,15,0,0,2475000,4,0
Bagru,Apartment,2,1,744,1,8,0,0,2141000,4,0
Bagru,Apartment,2,2,971,6,10,2,1,3267000,4,0
Bagru,Apartment,2,2,1084,10,1,1,1,3346000,4,0
Bagru,Apartment,2,2,767,8,3,1,0,2147000,4,0
Bagru,Apartment,2,1,739,8,5,1,0,2469000,4,0
Bagru,Apartment,1,1,527,5,4,0,1,1496000,4,0
Bani Park,Apartment,2,1,779,1,14,1,0,6855000,5,0
Bani Park,Apartment,3,3,1555,1,4,2,1,15510000,5,0
Bani Park,Apartment,2,1,1025,20,1,0,0,7946000,5,0
Bani Park,Apartment,4,3,2178,10,13,2,0,20178000,5,0
Bani Park,Apartment,2,1,988,7,9,2,0,9432000,5,0
Bani Park,Apartment,3,2,1565,4,2,1,0,13858000,5,0
Bani Park,Apartment,3,3,1094,12,6,1,0,9193000,5,0
Bani Park,Apartment,3,2,1528,7,7,1,1,12218000,5,0
Bani Park,Apartment,4,4,1688,5,6,1,0,15138000,5,0
Bani Park,Apartment,4,3,1688,1,5,1,0,15641000,5,0
Bani Park,Apartment,4,4,1517,10,14,1,0,12969000,5,0
Bani Park,Apartment,3,2,1106,3,11,2,0,11141000,5,0
Bani Park,Plot,3,2,2131,6,0,0,1,20268000,5,1
Bani Park,Plot,3,2,1545,15,0,0,1,14718000,5,1
Bani Park,Plot,2,2,1009,6,0,0,1,9844000,5,1
Bani Park,Plot,4,4,2956,15,0,1,1,29449000,5,1
Bani Park,Plot,4,4,3201,1,0,0,1,31122000,5,1
Bani Park,Plot,5,4,4445,2,0,2,1,45384000,5,1
Bani Park,Plot,4,3,2366,3,0,1,1,24087000,5,1
Bani Park,Plot,4,4,1916,6,0,0,1,18962000,5,1
Bani Park,Plot,3,2,1274,15,0,1,1,12562000,5,1
Bani Park,Plot,2,2,978,3,0,1,1,11071000,5,1
Bani Park,Plot,3,2,2055,3,0,2,1,20316000,5,1
Bani Park,Plot,5,4,3488,6,0,2,1,36440000,5,1
Bapu Nagar,Apartment,5,4,2560,3,15,0,0,34325000,6,0
Bapu Nagar,Apartment,2,1,934,7,12,1,1,12139000,6,0
Bapu Nagar,Apartment,1,1,427,8,1,1,1,5974000,6,0
Bapu Nagar,Apartment,2,2,1034,3,6,2,1,12668000,6,0
Bapu Nagar,Apartment,2,2,1015,5,0,0,1,13176000,6,0
Bapu Nagar,Apartment,1,1,596,3,6,1,0,8434000,6,0
Bapu Nagar,Apartment,2,2,888,6,2,1,0,11175000,6,0
Bapu Nagar,Apartment,3,3,1069,10,15,1,0,13511000,6,0
Bapu Nagar,Apartment,2,1,872,3,1,0,0,11313000,6,0
Bapu Nagar,Apartment,3,2,1463,15,4,1,1,16585000,6,0
Bapu Nagar,Apartment,3,3,1420,1,3,1,1,16799000,6,0
Bapu Nagar,Apartment,2,1,991,8,0,2,1,13506000,6,0
Bapu Nagar,Plot,4,3,1927,2,0,1,1,46260000,6,1
Bapu Nagar,Plot,3,3,1558,2,0,1,1,33783000,6,1
Bapu Nagar,Plot,5,4,3241,12,0,1,1,74816000,6,1
Bapu Nagar,Plot,2,2,816,4,0,1,1,18456000,6,1
Bapu Nagar,Plot,2,2,1141,2,0,2,1,26153000,6,1
Bapu Nagar,Plot,3,3,2020,2,0,2,1,49987000,6,1
Bapu Nagar,Plot,3,3,1901,5,0,0,1,44696000,6,1
Bapu Nagar,Plot,1,1,766,3,0,1,1,18076000,6,1
Bapu Nagar,Plot,3,2,1943,6,0,1,1,41439000,6,1
Bapu Nagar,Plot,3,3,1666,6,0,0,1,38551000,6,1
Bapu Nagar,Plot,5,4,4826,3,0,2,1,106313000,6,1
Bapu Nagar,Plot,3,2,1260,7,0,1,1,27537000,6,1
Bhankrota,Apartment,1,1,578,1,2,0,1,2505000,7,0
Bhankrota,Apartment,4,4,1416,15,6,1,1,5812000,7,0
Bhankrota,Apartment,5,5,2338,8,4,2,0,9787000,7,0
Bhankrota,Apartment,4,3,1667,3,9,0,1,7197000,7,0
Bhankrota,Apartment,1,1,365,15,6,1,1,1731000,7,0
Bhankrota,Apartment,4,3,2087,1,10,2,1,9326000,7,0
Bhankrota,Apartment,4,4,1801,5,6,0,0,7321000,7,0
Bhankrota,Apartment,1,1,642,5,9,1,1,2987000,7,0
Bhankrota,Apartment,2,2,653,10,8,1,0,2942000,7,0
Bhankrota,Apartment,3,3,1119,20,10,2,0,4597000,7,0
Bhankrota,Apartment,5,5,3062,1,12,2,0,14958000,7,0
Bhankrota,Apartment,4,4,1638,4,13,1,0,7036000,7,0
Bhankrota,Plot,4,4,1802,5,0,0,1,8778000,7,1
Bhankrota,Plot,1,1,692,15,0,0,1,3421000,7,1
Bhankrota,Plot,3,2,1543,2,0,2,1,8807000,7,1
Bhankrota,Plot,5,4,2810,12,0,2,1,14267000,7,1
Bhankrota,Plot,5,5,4394,4,0,2,1,23061000,7,1
Bhankrota,Plot,2,2,1025,4,0,0,1,5979000,7,1
Bhankrota,Plot,4,3,3340,1,0,2,1,19707000,7,1
Bhankrota,Plot,3,3,2090,4,0,2,1,11378000,7,1
Bhankrota,Plot,5,5,2802,10,0,0,1,12485000,7,1
Bhankrota,Plot,2,2,1340,12,0,2,1,6899000,7,1
Bhankrota,Plot,1,1,539,15,0,1,1,2756000,7,1
Bhankrota,Plot,2,2,975,5,0,0,1,4770000,7,1
Bindayaka,Plot,2,2,1392,1,0,2,1,7222000,8,1
Bindayaka,Plot,3,2,2065,6,0,2,1,9882000,8,1
Bindayaka,Plot,4,3,2970,12,0,0,1,13325000,8,1
Bindayaka,Plot,4,3,3168,15,0,0,1,14281000,8,1
Bindayaka,Plot,4,3,1806,12,0,2,1,8289000,8,1
Bindayaka,Plot,4,3,1881,10,0,2,1,8468000,8,1
Bindayaka,Plot,2,1,1023,1,0,1,1,4638000,8,1
Bindayaka,Plot,3,2,2055,10,0,0,1,9485000,8,1
Bindayaka,Plot,4,4,2385,4,0,2,1,11526000,8,1
Bindayaka,Plot,2,2,995,2,0,2,1,5092000,8,1
Bindayaka,Plot,2,2,816,8,0,1,1,4158000,8,1
Bindayaka,Plot,1,1,805,20,0,1,1,3506000,8,1
Bindayaka,Apartment,4,3,1626,6,11,0,0,6036000,8,0
Bindayaka,Apartment,4,4,1969,1,1,0,0,6680000,8,0
Bindayaka,Apartment,3,2,1346,12,14,2,0,5633000,8,0
Bindayaka,Apartment,2,1,986,20,7,1,0,3764000,8,0
Bindayaka,Apartment,3,2,1033,4,8,1,0,4315000,8,0
Bindayaka,Apartment,4,3,1562,1,8,1,1,6098000,8,0
Bindayaka,Apartment,3,2,1488,20,13,0,0,5134000,8,0
Bindayaka,Apartment,3,3,1148,7,15,0,1,4268000,8,0
Bindayaka,Apartment,5,4,2915,10,8,0,0,9863000,8,0
Bindayaka,Apartment,3,2,1450,3,7,1,1,6046000,8,0
Bindayaka,Apartment,2,1,926,1,15,1,0,3982000,8,0
Bindayaka,Apartment,4,3,1501,12,10,1,1,6103000,8,0
C Scheme,Plot,2,2,845,2,0,1,1,19049000,9,1
C Scheme,Plot,4,3,2041,3,0,1,1,44118000,9,1
C Scheme,Plot,4,4,2388,1,0,1,1,57512000,9,1
C Scheme,Plot,1,1,804,15,0,0,1,18288000,9,1
C Scheme,Plot,1,1,761,6,0,1,1,18109000,9,1
C Scheme,Plot,3,2,1517,10,0,1,1,34795000,9,1
C Scheme,Plot,2,2,883,6,0,1,1,22325000,9,1
C Scheme,Plot,3,3,2073,4,0,1,1,45745000,9,1
C Scheme,Plot,2,1,1336,12,0,0,1,32208000,9,1
C Scheme,Plot,4,4,2108,7,0,1,1,47239000,9,1
C Scheme,Plot,1,1,710,3,0,2,1,16067000,9,1
C Scheme,Plot,3,2,1644,1,0,0,1,37771000,9,1
C Scheme,Apartment,4,4,2124,8,12,2,0,27327000,9,0
C Scheme,Apartment,3,2,1511,12,15,1,1,19289000,9,0
C Scheme,Apartment,3,2,1527,6,3,1,1,19497000,9,0
C Scheme,Apartment,2,2,886,5,4,1,0,11019000,9,0
C Scheme,Apartment,3,2,1427,2,11,1,1,17703000,9,0
C Scheme,Apartment,3,2,1451,12,14,1,0,17561000,9,0
C Scheme,Apartment,3,2,1094,4,8,1,0,13805000,9,0
C Scheme,Apartment,3,3,1250,3,14,0,0,15883000,9,0
C Scheme,Apartment,2,2,742,3,13,0,0,9751000,9,0
C Scheme,Apartment,2,1,1023,2,8,1,0,13141000,9,0
C Scheme,Apartment,3,2,1254,10,11,1,0,16400000,9,0
C Scheme,Apartment,1,1,479,2,4,2,0,7018000,9,0
Chandrakala Colony,Plot,2,1,997,2,0,0,1,21341000,10,1
Chandrakala Colony,Plot,2,2,1492,5,0,1,1,32707000,10,1
Chandrakala Colony,Plot,5,4,4008,6,0,0,1,95810000,10,1
Chandrakala Colony,Plot,2,2,1183,2,0,0,1,25869000,10,1
Chandrakala Colony,Plot,2,1,1174,2,0,0,1,25052000,10,1
Chandrakala Colony,Plot,4,3,1885,3,0,1,1,45390000,10,1
Chandrakala Colony,Plot,5,5,4793,1,0,0,1,106367000,10,1
Chandrakala Colony,Plot,1,1,827,10,0,2,1,19175000,10,1
Chandrakala Colony,Plot,2,2,1453,4,0,1,1,30379000,10,1
Chandrakala Colony,Plot,3,3,1774,20,0,1,1,36239000,10,1
Chandrakala Colony,Plot,4,4,2388,3,0,0,1,47857000,10,1
Chandrakala Colony,Plot,3,2,1653,12,0,2,1,34020000,10,1
Chandrakala Colony,Apartment,3,2,1280,4,13,1,0,21057000,10,0
Chandrakala Colony,Apartment,3,3,1554,5,0,1,0,23247000,10,0
Chandrakala Colony,Apartment,1,1,616,6,13,1,1,12508000,10,0
Chandrakala Colony,Apartment,5,5,3473,5,4,2,0,57784000,10,0
Chandrakala Colony,Apartment,2,2,953,6,11,1,0,17404000,10,0
Chandrakala Colony,Apartment,3,2,1376,1,6,1,1,24462000,10,0
Chandrakala Colony,Apartment,1,1,630,7,2,0,0,9873000,10,0
Chandrakala Colony,Apartment,3,2,1322,3,10,2,1,22795000,10,0
Chandrakala Colony,Apartment,3,3,1055,6,1,1,0,17548000,10,0
Chandrakala Colony,Apartment,2,2,757,2,12,0,0,13821000,10,0
Chandrakala Colony,Apartment,4,3,1844,3,3,1,1,30433000,10,0
Chandrakala Colony,Apartment,3,3,1508,15,6,1,0,25346000,10,0
Dholai,Apartment,3,2,975,2,9,0,0,4411000,11,0
Dholai,Apartment,3,2,1242,3,7,2,1,6209000,11,0
Dholai,Apartment,3,2,1095,8,9,1,1,5216000,11,0
Dholai,Apartment,4,3,2030,5,5,0,0,8609000,11,0
Dholai,Apartment,3,2,1109,7,8,1,0,5078000,11,0
Dholai,Apartment,2,1,734,7,9,1,0,3371000,11,0
Dholai,Apartment,3,3,1229,2,2,1,1,5809000,11,0
Dholai,Apartment,2,1,878,12,2,1,0,3851000,11,0
Dholai,Apartment,3,3,1510,10,11,2,0,7195000,11,0
Dholai,Apartment,3,3,1330,5,5,1,0,6068000,11,0
Dholai,Apartment,3,3,1158,20,6,1,1,5115000,11,0
Dholai,Apartment,2,2,936,8,6,1,1,4420000,11,0
Dholai,Plot,3,3,2111,1,0,1,1,15109000,11,1
Dholai,Plot,2,1,1316,8,0,2,1,9197000,11,1
Dholai,Plot,4,4,1948,1,0,0,1,13795000,11,1
Dholai,Plot,4,4,3373,2,0,0,1,24756000,11,1
Dholai,Plot,2,2,913,4,0,1,1,6883000,11,1
Dholai,Plot,2,2,979,3,0,2,1,7833000,11,1
Dholai,Plot,3,3,1618,10,0,1,1,11443000,11,1
Dholai,Plot,5,5,2841,5,0,1,1,20976000,11,1
Dholai,Plot,4,3,3493,8,0,0,1,24104000,11,1
Dholai,Plot,3,3,1777,2,0,0,1,12747000,11,1
Dholai,Plot,5,5,3065,10,0,0,1,22562000,11,1
Dholai,Plot,2,1,1135,8,0,0,1,7519000,11,1
Diggi Road,Plot,5,4,3848,7,0,0,1,9058000,12,1
Diggi Road,Plot,5,5,2891,3,0,1,1,7271000,12,1
Diggi Road,Plot,2,2,1246,7,0,0,1,2809000,12,1
Diggi Road,Plot,3,3,1716,10,0,1,1,4517000,12,1
Diggi Road,Plot,3,2,1889,1,0,1,1,4513000,12,1
Diggi Road,Plot,1,1,655,3,0,0,1,1686000,12,1
Diggi Road,Plot,3,2,1808,5,0,2,1,4632000,12,1
Diggi Road,Plot,2,1,1219,5,0,1,1,3083000,12,1
Diggi Road,Plot,4,3,3397,7,0,1,1,8647000,12,1
Diggi Road,Plot,4,4,2397,20,0,0,1,5391000,12,1
Diggi Road,Plot,3,2,1445,10,0,1,1,3672000,12,1
Diggi Road,Plot,2,1,1012,10,0,1,1,2538000,12,1
Diggi Road,Apartment,4,3,1572,1,0,0,1,3393000,12,0
Diggi Road,Apartment,2,2,931,2,1,1,1,2185000,12,0
Diggi Road,Apartment,3,2,1385,12,9,2,0,3192000,12,0
Diggi Road,Apartment,3,3,978,3,1,0,1,1993000,12,0
Diggi Road,Apartment,3,2,1149,3,0,0,1,2419000,12,0
Diggi Road,Apartment,3,2,1050,1,7,0,0,2057000,12,0
Diggi Road,Apartment,1,1,501,1,3,1,1,1307000,12,0
Diggi Road,Apartment,4,3,1790,10,2,0,0,3142000,12,0
Diggi Road,Apartment,3,3,1301,1,9,0,1,2898000,12,0
Diggi Road,Apartment,3,2,1510,3,3,2,0,3580000,12,0
Diggi Road,Apartment,3,2,1139,12,9,2,1,2762000,12,0
Diggi Road,Apartment,3,3,1300,5,15,1,0,2838000,12,0
Durgapura,Apartment,3,3,1351,3,8,1,1,14608000,13,0
Durgapura,Apartment,2,1,862,7,2,2,1,9638000,13,0
Durgapura,Apartment,2,1,681,3,6,2,0,8344000,13,0
Durgapura,Apartment,3,2,1251,8,6,0,1,13174000,13,0
Durgapura,Apartment,2,2,799,20,5,1,0,8306000,13,0
Durgapura,Apartment,2,1,699,2,2,0,1,7618000,13,0
Durgapura,Apartment,3,2,1370,6,7,1,1,16133000,13,0
Durgapura,Apartment,3,2,1085,5,15,2,1,12929000,13,0
Durgapura,Apartment,4,3,1503,2,15,2,0,19077000,13,0
Durgapura,Apartment,3,3,1015,4,12,1,1,11849000,13,0
Durgapura,Apartment,4,4,1713,1,0,0,0,19128000,13,0
Durgapura,Apartment,4,4,2134,3,7,1,1,25530000,13,0
Durgapura,Plot,3,2,1331,8,0,2,1,26695000,13,1
Durgapura,Plot,1,1,858,1,0,1,1,16475000,13,1
Durgapura,Plot,2,1,819,4,0,2,1,16091000,13,1
Durgapura,Plot,3,3,1254,8,0,0,1,24513000,13,1
Durgapura,Plot,3,2,1793,6,0,0,1,33447000,13,1
Durgapura,Plot,1,1,608,8,0,2,1,12288000,13,1
Durgapura,Plot,4,3,1818,5,0,0,1,33909000,13,1
Durgapura,Plot,3,2,1312,6,0,1,1,26734000,13,1
Durgapura,Plot,4,4,2941,7,0,1,1,53316000,13,1
Durgapura,Plot,3,2,1758,10,0,1,1,33927000,13,1
Durgapura,Plot,5,5,3636,2,0,1,1,73381000,13,1
Durgapura,Plot,3,2,1829,3,0,1,1,34540000,13,1
Gandhi Path,Plot,4,3,3249,12,0,0,1,23698000,14,1
Gandhi Path,Plot,4,4,2897,15,0,1,1,21950000,14,1
Gandhi Path,Plot,2,1,1094,5,0,1,1,8412000,14,1
Gandhi Path,Plot,3,3,1795,7,0,2,1,13811000,14,1
Gandhi Path,Plot,2,1,1417,3,0,0,1,11399000,14,1
Gandhi Path,Plot,5,5,4814,5,0,2,1,35618000,14,1
Gandhi Path,Plot,2,2,1027,1,0,0,1,7250000,14,1
Gandhi Path,Plot,2,2,1318,1,0,0,1,10626000,14,1
Gandhi Path,Plot,3,2,1347,2,0,2,1,10787000,14,1
Gandhi Path,Plot,2,1,1112,5,0,2,1,8726000,14,1
Gandhi Path,Plot,3,2,1929,2,0,1,1,15087000,14,1
Gandhi Path,Plot,3,2,1624,1,0,1,1,12962000,14,1
Gandhi Path,Apartment,2,1,976,7,0,1,0,4766000,14,0
Gandhi Path,Apartment,1,1,435,6,1,0,1,2328000,14,0
Gandhi Path,Apartment,3,3,1466,15,15,0,1,7005000,14,0
Gandhi Path,Apartment,4,4,1987,1,7,0,0,10530000,14,0
Gandhi Path,Apartment,5,5,2242,10,15,1,0,11888000,14,0
Gandhi Path,Apartment,4,4,2054,2,4,1,1,10543000,14,0
Gandhi Path,Apartment,2,1,1030,5,9,2,0,5241000,14,0
Gandhi Path,Apartment,3,3,993,5,3,2,0,5215000,14,0
Gandhi Path,Apartment,3,3,1328,4,2,1,0,7003000,14,0
Gandhi Path,Apartment,2,2,721,10,14,0,1,3546000,14,0
Gandhi Path,Apartment,3,2,1417,6,1,1,0,6852000,14,0
Gandhi Path,Apartment,5,5,2928,6,6,0,0,14596000,14,0
Hecarawala,Apartment,3,2,1568,3,13,1,1,7635000,15,0
Hecarawala,Apartment,3,3,965,20,12,2,0,4365000,15,0
Hecarawala,Apartment,3,3,1209,20,9,1,0,5071000,15,0
Hecarawala,Apartment,3,2,1331,4,2,0,0,5768000,15,0
Hecarawala,Apartment,4,4,1833,1,11,1,0,8474000,15,0
Hecarawala,Apartment,3,3,1175,10,11,1,1,5761000,15,0
Hecarawala,Apartment,3,2,1167,1,4,1,1,5375000,15,0
Hecarawala,Apartment,3,2,1228,7,5,1,1,5924000,15,0
Hecarawala,Apartment,4,4,1688,2,15,0,0,7988000,15,0
Hecarawala,Apartment,5,4,2854,1,2,1,0,12303000,15,0
Hecarawala,Apartment,2,2,840,1,8,1,1,4331000,15,0
Hecarawala,Apartment,3,2,1159,7,5,1,0,5446000,15,0
Hecarawala,Plot,2,2,1357,5,0,2,1,5619000,15,1
Hecarawala,Plot,4,4,3330,4,0,0,1,12048000,15,1
Hecarawala,Plot,1,1,601,3,0,2,1,2959000,15,1
Hecarawala,Plot,5,4,4459,10,0,0,1,17023000,15,1
Hecarawala,Plot,3,3,1319,8,0,1,1,4836000,15,1
Hecarawala,Plot,4,4,2620,3,0,0,1,10307000,15,1
Hecarawala,Plot,3,2,1267,12,0,2,1,5451000,15,1
Hecarawala,Plot,2,2,1494,5,0,2,1,6252000,15,1
Hecarawala,Plot,1,1,534,3,0,2,1,2537000,15,1
Hecarawala,Plot,4,4,2812,1,0,2,1,11273000,15,1
Hecarawala,Plot,4,3,2281,12,0,1,1,8499000,15,1
Hecarawala,Plot,4,4,1973,8,0,1,1,7766000,15,1
Heerapura,Apartment,2,1,1055,6,2,1,0,5023000,16,0
Heerapura,Apartment,2,2,909,4,12,2,1,4850000,16,0
Heerapura,Apartment,2,2,996,8,0,0,1,4295000,16,0
Heerapura,Apartment,4,3,1866,3,0,1,0,7904000,16,0
Heerapura,Apartment,3,2,1091,6,12,1,0,5230000,16,0
Heerapura,Apartment,1,1,485,1,11,0,0,2201000,16,0
Heerapura,Apartment,3,3,1267,4,5,2,0,6093000,16,0
Heerapura,Apartment,2,2,956,12,6,2,0,4295000,16,0
Heerapura,Apartment,3,2,1282,15,12,1,1,5875000,16,0
Heerapura,Apartment,3,3,1217,7,0,2,0,5407000,16,0
Heerapura,Apartment,4,3,1919,12,13,0,0,8301000,16,0
Heerapura,Apartment,3,2,1273,4,14,1,0,5753000,16,0
Heerapura,Plot,3,3,2135,8,0,0,1,8327000,16,1
Heerapura,Plot,3,2,1996,7,0,1,1,7296000,16,1
Heerapura,Plot,3,2,2109,7,0,2,1,8124000,16,1
Heerapura,Plot,3,3,1828,12,0,0,1,6597000,16,1
Heerapura,Plot,5,4,3904,7,0,1,1,16395000,16,1
Heerapura,Plot,1,1,712,10,0,0,1,2673000,16,1
Heerapura,Plot,3,2,1704,1,0,1,1,7224000,16,1
Heerapura,Plot,2,2,1433,6,0,0,1,5193000,16,1
Heerapura,Plot,4,3,2979,6,0,2,1,11853000,16,1
Heerapura,Plot,3,3,2024,1,0,1,1,7174000,16,1
Heerapura,Plot,3,2,1639,2,0,1,1,6295000,16,1
Heerapura,Plot,2,1,1468,5,0,1,1,5919000,16,1
JLN Marg,Apartment,3,3,1428,10,10,1,1,24318000,17,0
JLN Marg,Apartment,2,2,853,6,14,1,0,17508000,17,0
JLN Marg,Apartment,3,3,1325,20,2,2,1,21593000,17,0
JLN Marg,Apartment,1,1,474,5,13,0,1,9124000,17,0
JLN Marg,Apartment,3,3,1073,3,6,1,1,19952000,17,0
JLN Marg,Apartment,3,3,1587,4,12,2,1,30840000,17,0
JLN Marg,Apartment,5,4,2304,5,12,2,0,39935000,17,0
JLN Marg,Apartment,2,1,700,2,4,1,1,13177000,17,0
JLN Marg,Apartment,5,4,2358,6,0,1,1,46720000,17,0
JLN Marg,Apartment,3,3,1384,10,2,2,1,24244000,17,0
JLN Marg,Apartment,3,2,1114,8,7,0,0,19036000,17,0
JLN Marg,Apartment,5,5,3140,6,5,1,1,59885000,17,0
JLN Marg,Plot,2,2,1194,6,0,0,1,27019000,17,1
JLN Marg,Plot,5,5,3682,5,0,2,1,79626000,17,1
JLN Marg,Plot,4,4,2381,6,0,1,1,59205000,17,1
JLN Marg,Plot,3,3,2122,5,0,1,1,48982000,17,1
JLN Marg,Plot,3,2,2148,20,0,1,1,48586000,17,1
JLN Marg,Plot,4,4,1962,2,0,0,1,47145000,17,1
JLN Marg,Plot,1,1,836,10,0,2,1,17610000,17,1
JLN Marg,Plot,1,1,688,15,0,0,1,14146000,17,1
JLN Marg,Plot,4,4,2482,12,0,1,1,50896000,17,1
JLN Marg,Plot,4,4,3487,8,0,1,1,70702000,17,1
JLN Marg,Plot,1,1,518,2,0,2,1,12445000,17,1
JLN Marg,Plot,4,4,3372,1,0,2,1,77160000,17,1
Jagatpura,Apartment,3,2,1076,12,2,1,1,5052000,18,0
Jagatpura,Apartment,3,3,1363,1,10,1,0,6943000,18,0
Jagatpura,Apartment,4,4,2084,7,12,2,0,10167000,18,0
Jagatpura,Apartment,3,2,1329,8,11,0,1,6434000,18,0
Jagatpura,Apartment,3,3,1457,12,2,2,1,7500000,18,0
Jagatpura,Apartment,2,1,702,10,0,1,0,3286000,18,0
Jagatpura,Apartment,3,2,1002,4,8,0,0,4150000,18,0
Jagatpura,Apartment,3,3,1405,6,3,1,1,7058000,18,0
Jagatpura,Apartment,3,2,1002,10,5,1,1,5121000,18,0
Jagatpura,Apartment,3,3,1239,2,1,1,0,6306000,18,0
Jagatpura,Apartment,3,3,1390,1,9,2,1,7811000,18,0
Jagatpura,Apartment,3,2,1339,3,8,0,1,6821000,18,0
Jagatpura,Plot,4,4,3442,3,0,2,1,28348000,18,1
Jagatpura,Plot,5,5,3906,12,0,1,1,29952000,18,1
Jagatpura,Plot,3,2,1600,7,0,1,1,12063000,18,1
Jagatpura,Plot,2,2,1034,7,0,2,1,8658000,18,1
Jagatpura,Plot,2,1,1251,8,0,0,1,10771000,18,1
Jagatpura,Plot,5,5,3712,4,0,2,1,28619000,18,1
Jagatpura,Plot,4,4,3178,5,0,0,1,24247000,18,1
Jagatpura,Plot,3,2,1299,12,0,0,1,10107000,18,1
Jagatpura,Plot,4,3,2751,7,0,2,1,19975000,18,1
Jagatpura,Plot,2,2,1062,2,0,1,1,8931000,18,1
Jagatpura,Plot,3,2,1348,7,0,1,1,10484000,18,1
Jagatpura,Plot,3,2,1512,10,0,2,1,12385000,18,1
Jaisinghpura,Plot,2,2,852,7,0,0,1,4303000,19,1
Jaisinghpura,Plot,3,3,1310,3,0,2,1,6768000,19,1
Jaisinghpura,Plot,1,1,670,12,0,0,1,3219000,19,1
Jaisinghpura,Plot,4,3,2264,5,0,2,1,12371000,19,1
Jaisinghpura,Plot,3,3,1881,8,0,2,1,9660000,19,1
Jaisinghpura,Plot,3,3,1864,8,0,1,1,8871000,19,1
Jaisinghpura,Plot,3,3,1211,1,0,0,1,6527000,19,1
Jaisinghpura,Plot,3,2,1359,12,0,2,1,7193000,19,1
Jaisinghpura,Plot,2,1,844,4,0,1,1,4594000,19,1
Jaisinghpura,Plot,3,3,1404,8,0,1,1,7263000,19,1
Jaisinghpura,Plot,3,3,1303,15,0,2,1,7224000,19,1
Jaisinghpura,Plot,3,3,1477,4,0,0,1,7968000,19,1
Jaisinghpura,Apartment,3,2,1390,7,9,1,0,5483000,19,0
Jaisinghpura,Apartment,4,4,1811,7,0,1,1,7047000,19,0
Jaisinghpura,Apartment,2,2,837,5,14,1,1,3516000,19,0
Jaisinghpura,Apartment,2,2,1083,3,1,0,0,4581000,19,0
Jaisinghpura,Apartment,3,3,1402,7,13,2,1,5445000,19,0
Jaisinghpura,Apartment,1,1,355,5,11,2,1,2075000,19,0
Jaisinghpura,Apartment,2,2,980,10,10,1,1,4077000,19,0
Jaisinghpura,Apartment,3,3,1039,5,11,0,0,3845000,19,0
Jaisinghpura,Apartment,3,3,1260,2,1,2,1,5558000,19,0
Jaisinghpura,Apartment,4,4,1540,12,13,1,0,5982000,19,0
Jaisinghpura,Apartment,3,2,988,10,3,1,1,3925000,19,0
Jaisinghpura,Apartment,1,1,450,4,11,0,0,1747000,19,0
Jhotwara,Apartment,2,2,901,2,6,1,0,3777000,20,0
Jhotwara,Apartment,3,2,1122,1,8,0,0,4592000,20,0
Jhotwara,Apartment,5,5,2128,1,12,1,0,8881000,20,0
Jhotwara,Apartment,2,1,666,10,3,1,0,2630000,20,0
Jhotwara,Apartment,3,2,1063,12,9,2,1,4364000,20,0
Jhotwara,Apartment,1,1,542,2,1,1,0,2352000,20,0
Jhotwara,Apartment,3,3,1205,4,2,1,1,5080000,20,0
Jhotwara,Apartment,3,2,1276,10,4,1,1,5260000,20,0
Jhotwara,Apartment,3,3,1348,6,12,1,0,5786000,20,0
Jhotwara,Apartment,2,1,973,3,2,1,0,3968000,20,0
Jhotwara,Apartment,4,4,1439,1,3,1,1,5877000,20,0
Jhotwara,Apartment,4,3,1870,1,3,1,0,7867000,20,0
Jhotwara,Plot,2,2,1480,1,0,1,1,11158000,20,1
Jhotwara,Plot,2,1,1414,3,0,1,1,9554000,20,1
Jhotwara,Plot,4,4,2141,8,0,2,1,15495000,20,1
Jhotwara,Plot,3,3,2108,4,0,1,1,15581000,20,1
Jhotwara,Plot,4,4,2935,10,0,0,1,18339000,20,1
Jhotwara,Plot,4,3,2109,6,0,1,1,14217000,20,1
Jhotwara,Plot,3,2,2137,8,0,0,1,13218000,20,1
Jhotwara,Plot,3,3,1925,3,0,1,1,13515000,20,1
Jhotwara,Plot,3,2,1834,8,0,0,1,11922000,20,1
Jhotwara,Plot,5,5,3694,10,0,1,1,25566000,20,1
Jhotwara,Plot,2,1,997,15,0,1,1,6746000,20,1
Jhotwara,Plot,1,1,668,2,0,1,1,5123000,20,1
Kalwar Road,Apartment,3,2,1194,12,14,2,1,5524000,21,0
Kalwar Road,Apartment,2,1,920,5,15,1,1,3633000,21,0
Kalwar Road,Apartment,1,1,427,8,13,2,0,2094000,21,0
Kalwar Road,Apartment,3,3,1117,1,0,1,1,5236000,21,0
Kalwar Road,Apartment,2,1,889,10,2,2,1,3932000,21,0
Kalwar Road,Apartment,3,2,1377,3,7,2,0,5931000,21,0
Kalwar Road,Apartment,1,1,555,7,2,2,0,2379000,21,0
Kalwar Road,Apartment,2,2,762,1,4,1,0,3274000,21,0
Kalwar Road,Apartment,3,3,1046,4,11,1,1,4328000,21,0
Kalwar Road,Apartment,3,2,968,7,10,0,0,3910000,21,0
Kalwar Road,Apartment,5,4,3164,10,6,1,1,13254000,21,0
Kalwar Road,Apartment,2,2,678,3,14,1,0,2847000,21,0
Kalwar Road,Plot,1,1,656,20,0,0,1,2405000,21,1
Kalwar Road,Plot,4,3,3297,6,0,0,1,11451000,21,1
Kalwar Road,Plot,3,3,1586,2,0,1,1,6345000,21,1
Kalwar Road,Plot,3,2,1353,6,0,0,1,5541000,21,1
Kalwar Road,Plot,4,4,1819,3,0,0,1,6468000,21,1
Kalwar Road,Plot,3,2,1508,1,0,2,1,6063000,21,1
Kalwar Road,Plot,3,2,1272,8,0,1,1,4518000,21,1
Kalwar Road,Plot,1,1,564,1,0,1,1,2430000,21,1
Kalwar Road,Plot,5,5,3461,15,0,0,1,13248000,21,1
Kalwar Road,Plot,3,2,1483,7,0,1,1,5851000,21,1
Kalwar Road,Plot,2,1,963,15,0,0,1,3472000,21,1
Kalwar Road,Plot,3,2,1375,7,0,1,1,5377000,21,1
Kanakpura,Apartment,3,2,1368,12,4,2,1,5319000,22,0
Kanakpura,Apartment,3,3,1197,3,10,1,1,4550000,22,0
Kanakpura,Apartment,3,2,988,2,6,0,1,3950000,22,0
Kanakpura,Apartment,1,1,648,3,7,1,1,2797000,22,0
Kanakpura,Apartment,2,2,810,7,1,1,0,3089000,22,0
Kanakpura,Apartment,3,2,1268,6,13,1,1,5406000,22,0
Kanakpura,Apartment,2,1,740,5,2,2,0,3229000,22,0
Kanakpura,Apartment,3,2,1498,7,7,2,1,5999000,22,0
Kanakpura,Apartment,4,4,1522,8,9,1,1,6084000,22,0
Kanakpura,Apartment,3,3,1012,3,10,1,0,3940000,22,0
Kanakpura,Apartment,3,2,1084,1,5,0,1,4561000,22,0
Kanakpura,Apartment,1,1,470,3,5,0,0,1699000,22,0
Kanakpura,Plot,4,3,2659,7,0,2,1,8843000,22,1
Kanakpura,Plot,4,4,2952,3,0,0,1,10135000,22,1
Kanakpura,Plot,3,3,1864,4,0,1,1,6286000,22,1
Kanakpura,Plot,2,2,1366,15,0,1,1,4561000,22,1
Kanakpura,Plot,3,2,1513,15,0,2,1,5114000,22,1
Kanakpura,Plot,3,2,1460,7,0,2,1,5410000,22,1
Kanakpura,Plot,3,2,1613,4,0,1,1,4868000,22,1
Kanakpura,Plot,3,2,1571,3,0,0,1,4896000,22,1
Kanakpura,Plot,4,4,2396,8,0,1,1,7983000,22,1
Kanakpura,Plot,3,3,1837,2,0,2,1,5906000,22,1
Kanakpura,Plot,2,2,914,3,0,1,1,3128000,22,1
Kanakpura,Plot,2,2,926,3,0,0,1,3042000,22,1
Kardani Ka Barh,Apartment,3,2,1312,6,14,2,0,7159000,23,0
Kardani Ka Barh,Apartment,4,4,1753,4,5,1,0,10319000,23,0
Kardani Ka Barh,Apartment,5,5,2559,6,15,2,0,14153000,23,0
Kardani Ka Barh,Apartment,2,1,931,12,6,2,0,5228000,23,0
Kardani Ka Barh,Apartment,4,3,1973,10,8,1,0,10168000,23,0
Kardani Ka Barh,Apartment,3,2,1093,1,11,1,1,6397000,23,0
Kardani Ka Barh,Apartment,3,2,1547,10,2,0,1,8366000,23,0
Kardani Ka Barh,Apartment,4,3,1828,5,10,0,1,11367000,23,0
Kardani Ka Barh,Apartment,4,4,1834,3,1,0,1,10224000,23,0
Kardani Ka Barh,Apartment,5,4,2731,6,0,0,1,12307000,23,0
Kardani Ka Barh,Apartment,4,3,1734,3,12,1,0,9177000,23,0
Kardani Ka Barh,Apartment,3,2,1008,8,3,1,1,5189000,23,0
Kardani Ka Barh,Plot,3,3,1818,15,0,1,1,8091000,23,1
Kardani Ka Barh,Plot,1,1,623,1,0,0,1,3270000,23,1
Kardani Ka Barh,Plot,1,1,635,4,0,1,1,3289000,23,1
Kardani Ka Barh,Plot,3,3,1920,1,0,0,1,9063000,23,1
Kardani Ka Barh,Plot,4,4,2382,7,0,1,1,11041000,23,1
Kardani Ka Barh,Plot,4,4,2698,4,0,2,1,12726000,23,1
Kardani Ka Barh,Plot,3,2,1669,8,0,1,1,7328000,23,1
Kardani Ka Barh,Plot,2,2,858,2,0,1,1,4377000,23,1
Kardani Ka Barh,Plot,3,3,1915,8,0,1,1,8864000,23,1
Kardani Ka Barh,Plot,3,2,2057,5,0,2,1,9499000,23,1
Kardani Ka Barh,Plot,2,2,1304,3,0,2,1,6462000,23,1
Kardani Ka Barh,Plot,4,3,3201,3,0,1,1,13542000,23,1
Karola,Plot,2,1,1236,10,0,2,1,4392000,24,1
Karola,Plot,2,2,1191,1,0,0,1,3949000,24,1
Karola,Plot,3,3,1807,3,0,1,1,5924000,24,1
Karola,Plot,3,2,1565,12,0,1,1,5070000,24,1
Karola,Plot,3,2,1276,10,0,2,1,4487000,24,1
Karola,Plot,5,4,4874,20,0,1,1,14959000,24,1
Karola,Plot,4,3,2372,12,0,2,1,6961000,24,1
Karola,Plot,2,1,1258,4,0,2,1,4512000,24,1
Karola,Plot,1,1,803,3,0,0,1,2683000,24,1
Karola,Plot,4,3,2006,5,0,0,1,6607000,24,1
Karola,Plot,3,3,2052,4,0,1,1,7090000,24,1
Karola,Plot,3,2,1475,6,0,2,1,4909000,24,1
Karola,Apartment,4,3,2094,6,14,0,0,5629000,24,0
Karola,Apartment,3,3,1237,5,1,1,1,3618000,24,0
Karola,Apartment,2,1,724,2,4,0,0,2009000,24,0
Karola,Apartment,4,3,1592,2,11,0,1,4425000,24,0
Karola,Apartment,3,2,1379,2,3,1,0,3691000,24,0
Karola,Apartment,3,3,1481,20,2,1,1,3534000,24,0
Karola,Apartment,4,4,2141,7,5,1,1,5673000,24,0
Karola,Apartment,1,1,645,3,0,1,1,1945000,24,0
Karola,Apartment,4,4,2146,2,12,2,1,6564000,24,0
Karola,Apartment,4,3,1472,20,3,0,0,3283000,24,0
Karola,Apartment,3,3,1213,15,4,0,1,3099000,24,0
Karola,Apartment,5,5,2493,4,1,1,1,6784000,24,0
Lalarpura,Plot,3,3,1249,3,0,0,1,10232000,25,1
Lalarpura,Plot,5,5,4840,20,0,1,1,30749000,25,1
Lalarpura,Plot,2,2,909,7,0,0,1,6858000,25,1
Lalarpura,Plot,3,3,1836,3,0,2,1,14115000,25,1
Lalarpura,Plot,4,4,3046,8,0,0,1,20742000,25,1
Lalarpura,Plot,3,3,1295,2,0,1,1,10133000,25,1
Lalarpura,Plot,3,3,1437,3,0,0,1,10613000,25,1
Lalarpura,Plot,3,2,2190,4,0,1,1,16892000,25,1
Lalarpura,Plot,3,3,1976,2,0,1,1,16234000,25,1
Lalarpura,Plot,4,3,3094,1,0,0,1,24582000,25,1
Lalarpura,Plot,5,5,2839,4,0,0,1,23897000,25,1
Lalarpura,Plot,3,2,1237,10,0,1,1,9359000,25,1
Lalarpura,Apartment,4,4,1838,7,10,2,1,8151000,25,0
Lalarpura,Apartment,3,2,1219,7,3,2,1,5142000,25,0
Lalarpura,Apartment,4,4,1586,2,5,2,0,7043000,25,0
Lalarpura,Apartment,3,3,1355,6,5,2,1,6454000,25,0
Lalarpura,Apartment,2,2,855,3,9,1,0,3944000,25,0
Lalarpura,Apartment,4,3,2101,20,14,0,1,8237000,25,0
Lalarpura,Apartment,4,4,1886,6,3,0,0,7747000,25,0
Lalarpura,Apartment,4,4,1880,6,12,0,1,8323000,25,0
Lalarpura,Apartment,4,3,1508,15,7,0,1,5969000,25,0
Lalarpura,Apartment,3,2,1422,8,6,1,1,6345000,25,0
Lalarpura,Apartment,3,2,962,8,12,1,1,4456000,25,0
Lalarpura,Apartment,1,1,465,7,3,1,0,2098000,25,0
Mahapura,Apartment,1,1,529,3,8,1,1,2633000,26,0
Mahapura,Apartment,1,1,586,1,8,0,0,2721000,26,0
Mahapura,Apartment,3,2,1056,10,13,0,0,4523000,26,0
Mahapura,Apartment,3,2,1373,15,5,1,1,6466000,26,0
Mahapura,Apartment,4,3,1898,5,8,0,0,8297000,26,0
Mahapura,Apartment,2,1,753,15,11,1,1,3410000,26,0
Mahapura,Apartment,2,2,677,10,6,1,1,3481000,26,0
Mahapura,Apartment,3,2,1218,1,15,1,1,6143000,26,0
Mahapura,Apartment,3,2,1032,3,2,0,1,4897000,26,0
Mahapura,Apartment,5,4,2471,4,3,0,0,11343000,26,0
Mahapura,Apartment,2,1,833,6,7,1,0,4039000,26,0
Mahapura,Apartment,2,2,860,12,4,0,0,3846000,26,0
Mahapura,Plot,4,4,2986,2,0,1,1,15279000,26,1
Mahapura,Plot,3,2,1339,12,0,1,1,6759000,26,1
Mahapura,Plot,2,2,1045,2,0,0,1,5474000,26,1
Mahapura,Plot,4,4,3292,8,0,1,1,16170000,26,1
Mahapura,Plot,3,2,1449,2,0,1,1,7664000,26,1
Mahapura,Plot,3,2,1502,1,0,1,1,7661000,26,1
Mahapura,Plot,4,4,2525,5,0,1,1,11424000,26,1
Mahapura,Plot,1,1,702,10,0,0,1,3324000,26,1
Mahapura,Plot,1,1,536,1,0,2,1,3234000,26,1
Mahapura,Plot,4,4,2159,1,0,1,1,10683000,26,1
Mahapura,Plot,2,2,1401,10,0,1,1,6929000,26,1
Mahapura,Plot,3,2,1446,1,0,0,1,7330000,26,1
Mahindra SEZ,Apartment,3,3,1501,20,0,0,0,5808000,27,0
Mahindra SEZ,Apartment,4,3,2077,12,15,1,0,8597000,27,0
Mahindra SEZ,Apartment,2,1,739,2,5,1,1,3490000,27,0
Mahindra SEZ,Apartment,3,2,1394,6,12,1,0,6237000,27,0
Mahindra SEZ,Apartment,2,1,812,1,4,2,0,3802000,27,0
Mahindra SEZ,Apartment,3,3,1481,3,10,1,1,6750000,27,0
Mahindra SEZ,Apartment,3,2,1475,10,6,1,0,6447000,27,0
Mahindra SEZ,Apartment,3,3,1286,7,3,1,1,5699000,27,0
Mahindra SEZ,Apartment,4,3,1716,4,6,0,0,6953000,27,0
Mahindra SEZ,Apartment,3,3,1347,3,14,1,1,5747000,27,0
Mahindra SEZ,Apartment,2,2,869,12,3,1,1,3854000,27,0
Mahindra SEZ,Apartment,2,2,929,20,14,2,0,4262000,27,0
Mahindra SEZ,Plot,4,3,3327,5,0,1,1,12023000,27,1
Mahindra SEZ,Plot,4,3,2457,1,0,2,1,10701000,27,1
Mahindra SEZ,Plot,4,4,1970,12,0,1,1,8010000,27,1
Mahindra SEZ,Plot,3,3,1203,8,0,1,1,4853000,27,1
Mahindra SEZ,Plot,4,4,3247,6,0,0,1,11195000,27,1
Mahindra SEZ,Plot,1,1,822,10,0,1,1,3505000,27,1
Mahindra SEZ,Plot,5,5,4275,3,0,0,1,17117000,27,1
Mahindra SEZ,Plot,5,4,4997,10,0,0,1,19136000,27,1
Mahindra SEZ,Plot,4,3,3216,6,0,1,1,11299000,27,1
Mahindra SEZ,Plot,2,2,882,12,0,1,1,3490000,27,1
Mahindra SEZ,Plot,3,3,1229,8,0,0,1,5079000,27,1
Mahindra SEZ,Plot,4,3,2816,7,0,1,1,10587000,27,1
Malviya Nagar,Plot,1,1,833,2,0,1,1,10964000,28,1
Malviya Nagar,Plot,4,3,2643,1,0,2,1,34115000,28,1
Malviya Nagar,Plot,1,1,740,1,0,2,1,10140000,28,1
Malviya Nagar,Plot,4,4,2230,3,0,1,1,29244000,28,1
Malviya Nagar,Plot,3,2,2198,1,0,0,1,27320000,28,1
Malviya Nagar,Plot,4,4,2374,1,0,1,1,32691000,28,1
Malviya Nagar,Plot,2,1,862,3,0,0,1,10524000,28,1
Malviya Nagar,Plot,2,1,870,1,0,1,1,12165000,28,1
Malviya Nagar,Plot,3,2,2110,4,0,1,1,26679000,28,1
Malviya Nagar,Plot,2,2,1110,2,0,0,1,14122000,28,1
Malviya Nagar,Plot,3,2,2097,4,0,1,1,27822000,28,1
Malviya Nagar,Plot,3,2,1233,2,0,1,1,17322000,28,1
Malviya Nagar,Apartment,3,3,1316,3,6,0,1,13546000,28,0
Malviya Nagar,Apartment,2,2,937,10,1,0,0,8967000,28,0
Malviya Nagar,Apartment,3,3,1227,7,12,2,0,12557000,28,0
Malviya Nagar,Apartment,2,1,808,7,8,1,0,6910000,28,0
Malviya Nagar,Apartment,5,5,2287,6,3,1,1,22417000,28,0
Malviya Nagar,Apartment,3,2,1372,15,10,0,0,14074000,28,0
Malviya Nagar,Apartment,2,1,976,1,1,0,0,9020000,28,0
Malviya Nagar,Apartment,3,3,1130,8,1,1,1,11098000,28,0
Malviya Nagar,Apartment,1,1,645,1,10,2,1,7434000,28,0
Malviya Nagar,Apartment,3,3,1265,1,3,0,0,13636000,28,0
Malviya Nagar,Apartment,2,2,1093,15,0,1,0,9965000,28,0
Malviya Nagar,Apartment,4,3,1762,1,15,1,1,17675000,28,0
Mansarovar,Apartment,4,3,1823,2,9,0,1,9396000,29,0
Mansarovar,Apartment,3,3,1357,5,1,1,1,8003000,29,0
Mansarovar,Apartment,1,1,361,6,3,1,1,2051000,29,0
Mansarovar,Apartment,4,4,1731,2,5,1,1,10095000,29,0
Mansarovar,Apartment,3,3,1305,6,15,1,1,7254000,29,0
Mansarovar,Apartment,1,1,472,1,4,1,1,2878000,29,0
Mansarovar,Apartment,3,2,1345,3,12,2,0,7632000,29,0
Mansarovar,Apartment,4,4,1709,15,1,1,0,8323000,29,0
Mansarovar,Apartment,3,2,1155,1,0,0,0,5562000,29,0
Mansarovar,Apartment,2,1,937,12,10,2,0,5163000,29,0
Mansarovar,Apartment,3,3,1460,6,5,1,0,7583000,29,0
Mansarovar,Apartment,3,2,1557,2,14,2,0,8329000,29,0
Mansarovar,Plot,2,1,1327,20,0,1,1,9224000,29,1
Mansarovar,Plot,2,1,1125,6,0,1,1,7520000,29,1
Mansarovar,Plot,3,3,1874,7,0,0,1,14074000,29,1
Mansarovar,Plot,4,3,2925,1,0,2,1,22457000,29,1
Mansarovar,Plot,1,1,585,3,0,1,1,4459000,29,1
Mansarovar,Plot,2,2,1426,5,0,1,1,10684000,29,1
Mansarovar,Plot,4,4,2239,1,0,0,1,15649000,29,1
Mansarovar,Plot,1,1,541,10,0,0,1,3950000,29,1
Mansarovar,Plot,2,2,1168,6,0,2,1,8403000,29,1
Mansarovar,Plot,4,3,2062,7,0,1,1,14993000,29,1
Mansarovar,Plot,3,2,2069,6,0,1,1,16252000,29,1
Mansarovar,Plot,4,3,3092,8,0,1,1,22328000,29,1
Mansarovar Ext.,Plot,5,5,3059,4,0,2,1,21296000,30,1
Mansarovar Ext.,Plot,3,2,1628,2,0,1,1,11166000,30,1
Mansarovar Ext.,Plot,3,3,2120,1,0,1,1,14834000,30,1
Mansarovar Ext.,Plot,2,2,1299,4,0,0,1,9420000,30,1
Mansarovar Ext.,Plot,5,5,3306,7,0,1,1,22532000,30,1
Mansarovar Ext.,Plot,3,2,1718,7,0,2,1,11352000,30,1
Mansarovar Ext.,Plot,2,2,1240,6,0,1,1,8951000,30,1
Mansarovar Ext.,Plot,2,1,987,2,0,1,1,7682000,30,1
Mansarovar Ext.,Plot,3,2,1459,6,0,1,1,10234000,30,1
Mansarovar Ext.,Plot,3,3,2010,6,0,2,1,14081000,30,1
Mansarovar Ext.,Plot,2,1,1212,2,0,0,1,9450000,30,1
Mansarovar Ext.,Plot,3,3,2141,8,0,1,1,14245000,30,1
Mansarovar Ext.,Apartment,2,2,927,5,11,2,1,4877000,30,0
Mansarovar Ext.,Apartment,3,3,1332,12,6,1,1,6349000,30,0
Mansarovar Ext.,Apartment,3,3,1547,5,1,1,0,7451000,30,0
Mansarovar Ext.,Apartment,4,4,2029,6,6,2,0,11196000,30,0
Mansarovar Ext.,Apartment,4,3,1560,6,4,1,1,7526000,30,0
Mansarovar Ext.,Apartment,3,3,1371,2,0,2,0,6811000,30,0
Mansarovar Ext.,Apartment,3,3,1145,4,12,0,1,5749000,30,0
Mansarovar Ext.,Apartment,3,3,1034,4,15,2,0,5751000,30,0
Mansarovar Ext.,Apartment,3,3,1128,7,8,0,1,5716000,30,0
Mansarovar Ext.,Apartment,2,1,1092,3,6,1,0,5691000,30,0
Mansarovar Ext.,Apartment,1,1,615,2,14,1,1,3403000,30,0
Mansarovar Ext.,Apartment,2,1,824,5,4,0,1,4209000,30,0
Manyawas,Plot,3,2,1394,12,0,1,1,18084000,31,1
Manyawas,Plot,4,3,1912,7,0,0,1,24768000,31,1
Manyawas,Plot,3,3,1911,3,0,0,1,25372000,31,1
Manyawas,Plot,2,1,970,7,0,1,1,13194000,31,1
Manyawas,Plot,2,1,940,1,0,0,1,11508000,31,1
Manyawas,Plot,3,3,1431,7,0,1,1,19879000,31,1
Manyawas,Plot,2,2,1122,20,0,1,1,13236000,31,1
Manyawas,Plot,2,2,1336,1,0,1,1,16048000,31,1
Manyawas,Plot,3,2,2012,5,0,2,1,28517000,31,1
Manyawas,Plot,3,3,1346,20,0,0,1,15573000,31,1
Manyawas,Plot,5,4,4251,5,0,1,1,52356000,31,1
Manyawas,Plot,4,4,2498,4,0,1,1,33653000,31,1
Manyawas,Apartment,4,4,1576,15,2,0,0,12119000,31,0
Manyawas,Apartment,3,2,1259,1,11,1,1,13156000,31,0
Manyawas,Apartment,2,1,885,8,5,2,1,9322000,31,0
Manyawas,Apartment,3,2,1301,4,10,1,0,11765000,31,0
Manyawas,Apartment,3,2,1564,6,12,0,1,14398000,31,0
Manyawas,Apartment,3,2,1381,6,5,1,0,13542000,31,0
Manyawas,Apartment,3,2,1482,8,15,0,0,14350000,31,0
Manyawas,Apartment,1,1,377,5,8,1,0,3677000,31,0
Manyawas,Apartment,4,3,1949,1,10,1,1,19026000,31,0
Manyawas,Apartment,2,1,795,8,3,1,0,6903000,31,0
Manyawas,Apartment,4,3,1552,1,11,0,1,15891000,31,0
Manyawas,Apartment,4,3,1424,8,2,0,1,12108000,31,0
Mata Colony,Plot,2,1,1238,4,0,1,1,25176000,32,1
Mata Colony,Plot,3,3,1247,2,0,1,1,30169000,32,1
Mata Colony,Plot,3,2,1955,6,0,0,1,45239000,32,1
Mata Colony,Plot,4,3,3211,3,0,1,1,74506000,32,1
Mata Colony,Plot,4,3,2046,7,0,2,1,45724000,32,1
Mata Colony,Plot,5,4,3918,2,0,1,1,86891000,32,1
Mata Colony,Plot,2,1,1320,2,0,0,1,32004000,32,1
Mata Colony,Plot,2,2,872,8,0,1,1,19084000,32,1
Mata Colony,Plot,5,4,4438,20,0,1,1,85069000,32,1
Mata Colony,Plot,4,4,2534,7,0,2,1,51374000,32,1
Mata Colony,Plot,1,1,629,20,0,1,1,13382000,32,1
Mata Colony,Plot,2,1,1393,2,0,1,1,28597000,32,1
Mata Colony,Apartment,2,2,964,1,13,0,1,16921000,32,0
Mata Colony,Apartment,4,3,1946,10,0,1,1,31647000,32,0
Mata Colony,Apartment,1,1,493,5,7,2,1,8743000,32,0
Mata Colony,Apartment,3,2,1122,12,10,2,1,20915000,32,0
Mata Colony,Apartment,4,4,1614,12,13,1,0,26873000,32,0
Mata Colony,Apartment,2,2,933,10,5,0,0,16890000,32,0
Mata Colony,Apartment,2,2,703,7,13,2,0,12891000,32,0
Mata Colony,Apartment,4,4,2020,8,14,0,1,32982000,32,0
Mata Colony,Apartment,3,2,1336,2,7,2,0,23238000,32,0
Mata Colony,Apartment,2,2,772,10,4,1,0,12491000,32,0
Mata Colony,Apartment,3,2,1332,5,15,2,1,22766000,32,0
Mata Colony,Apartment,4,4,1846,8,12,1,0,31133000,32,0
Mohanpura,Apartment,3,2,999,3,1,0,1,4881000,33,0
Mohanpura,Apartment,2,2,1036,7,12,0,1,5121000,33,0
Mohanpura,Apartment,3,3,1205,1,0,0,1,5516000,33,0
Mohanpura,Apartment,2,1,731,5,12,0,1,3195000,33,0
Mohanpura,Apartment,3,3,963,20,5,1,0,4130000,33,0
Mohanpura,Apartment,3,3,1394,10,2,2,1,6888000,33,0
Mohanpura,Apartment,3,2,1222,3,6,2,0,6239000,33,0
Mohanpura,Apartment,5,4,2324,3,15,1,0,10076000,33,0
Mohanpura,Apartment,2,2,846,12,1,0,1,3838000,33,0
Mohanpura,Apartment,2,1,1071,8,0,1,0,4833000,33,0
Mohanpura,Apartment,3,2,1165,3,12,1,0,5876000,33,0
Mohanpura,Apartment,2,2,877,15,13,0,0,3929000,33,0
Mohanpura,Plot,2,2,855,7,0,0,1,3251000,33,1
Mohanpura,Plot,3,3,1625,12,0,2,1,5967000,33,1
Mohanpura,Plot,1,1,749,5,0,0,1,3029000,33,1
Mohanpura,Plot,4,3,2269,10,0,2,1,8959000,33,1
Mohanpura,Plot,4,3,2162,3,0,1,1,8772000,33,1
Mohanpura,Plot,3,3,2183,1,0,2,1,8642000,33,1
Mohanpura,Plot,2,2,1335,5,0,0,1,4734000,33,1
Mohanpura,Plot,3,3,1485,4,0,2,1,6307000,33,1
Mohanpura,Plot,3,3,1624,5,0,2,1,6633000,33,1
Mohanpura,Plot,2,2,1197,7,0,2,1,4980000,33,1
Mohanpura,Plot,2,2,1367,3,0,1,1,5554000,33,1
Mohanpura,Plot,1,1,678,5,0,1,1,3063000,33,1
Muhana,Plot,2,2,860,5,0,0,1,2700000,34,1
Muhana,Plot,2,2,961,4,0,1,1,3239000,34,1
Muhana,Plot,3,2,1807,7,0,0,1,5820000,34,1
Muhana,Plot,3,2,2072,7,0,0,1,6204000,34,1
Muhana,Plot,3,2,1410,4,0,1,1,4728000,34,1
Muhana,Plot,4,3,3042,15,0,0,1,9357000,34,1
Muhana,Plot,4,4,2647,20,0,1,1,8411000,34,1
Muhana,Plot,3,2,1612,2,0,2,1,5376000,34,1
Muhana,Plot,4,3,3137,7,0,2,1,9928000,34,1
Muhana,Plot,3,3,1717,4,0,0,1,5596000,34,1
Muhana,Plot,3,3,2116,4,0,0,1,6475000,34,1
Muhana,Plot,3,2,1915,6,0,1,1,6062000,34,1
Muhana,Apartment,4,4,1683,2,13,1,1,4931000,34,0
Muhana,Apartment,3,2,1550,7,5,0,1,3656000,34,0
Muhana,Apartment,4,3,1936,6,10,0,0,4596000,34,0
Muhana,Apartment,3,3,1178,10,15,1,1,3387000,34,0
Muhana,Apartment,2,2,986,1,1,2,1,3189000,34,0
Muhana,Apartment,4,4,1551,1,0,0,1,4390000,34,0
Muhana,Apartment,4,4,1481,2,13,2,0,4565000,34,0
Muhana,Apartment,1,1,428,5,11,0,0,1114000,34,0
Muhana,Apartment,4,4,2128,7,13,2,1,5507000,34,0
Muhana,Apartment,4,3,1672,3,11,2,0,4739000,34,0
Muhana,Apartment,3,3,1516,10,7,2,0,4463000,34,0
Muhana,Apartment,4,4,1588,8,0,0,1,4128000,34,0
Murlipura,Apartment,3,3,1391,6,6,1,1,6484000,35,0
Murlipura,Apartment,3,3,1039,6,0,1,0,4251000,35,0
Murlipura,Apartment,2,2,1085,5,9,2,1,5491000,35,0
Murlipura,Apartment,3,3,1539,3,1,1,0,6735000,35,0
Murlipura,Apartment,3,2,1527,1,6,0,0,6796000,35,0
Murlipura,Apartment,2,2,836,15,6,1,1,3941000,35,0
Murlipura,Apartment,5,4,2783,3,11,1,1,13097000,35,0
Murlipura,Apartment,3,3,1000,2,15,2,1,4947000,35,0
Murlipura,Apartment,4,3,2018,1,6,2,0,8782000,35,0
Murlipura,Apartment,3,3,1242,1,2,0,0,5303000,35,0
Murlipura,Apartment,1,1,498,10,5,2,1,2738000,35,0
Murlipura,Apartment,3,2,1313,1,1,0,1,5833000,35,0
Murlipura,Plot,2,1,1315,2,0,1,1,8605000,35,1
Murlipura,Plot,3,3,1841,2,0,1,1,11755000,35,1
Murlipura,Plot,2,2,1106,5,0,0,1,7999000,35,1
Murlipura,Plot,3,3,1508,8,0,2,1,9213000,35,1
Murlipura,Plot,2,2,1276,4,0,1,1,7516000,35,1
Murlipura,Plot,3,2,1505,1,0,2,1,9684000,35,1
Murlipura,Plot,3,2,1328,8,0,2,1,7801000,35,1
Murlipura,Plot,4,4,2177,1,0,1,1,13601000,35,1
Murlipura,Plot,3,3,1465,7,0,1,1,8645000,35,1
Murlipura,Plot,3,3,1642,10,0,2,1,10768000,35,1
Murlipura,Plot,4,4,3121,2,0,1,1,19752000,35,1
Murlipura,Plot,3,3,1990,1,0,0,1,12455000,35,1
Narayan Vihar,Plot,3,2,1998,1,0,1,1,14696000,36,1
Narayan Vihar,Plot,3,3,1795,5,0,1,1,13187000,36,1
Narayan Vihar,Plot,3,3,1965,3,0,0,1,14133000,36,1
Narayan Vihar,Plot,5,4,2993,20,0,2,1,19819000,36,1
Narayan Vihar,Plot,2,1,1400,3,0,1,1,10089000,36,1
Narayan Vihar,Plot,2,2,939,15,0,0,1,6558000,36,1
Narayan Vihar,Plot,2,1,911,6,0,1,1,6586000,36,1
Narayan Vihar,Plot,3,2,1897,5,0,0,1,13437000,36,1
Narayan Vihar,Plot,4,4,2393,4,0,1,1,17377000,36,1
Narayan Vihar,Plot,1,1,753,8,0,1,1,6017000,36,1
Narayan Vihar,Plot,3,2,1658,12,0,1,1,12622000,36,1
Narayan Vihar,Plot,3,2,1974,8,0,1,1,14190000,36,1
Narayan Vihar,Apartment,3,2,1526,2,11,1,0,7881000,36,0
Narayan Vihar,Apartment,2,2,868,10,12,0,1,3998000,36,0
Narayan Vihar,Apartment,4,4,1467,10,14,0,0,7794000,36,0
Narayan Vihar,Apartment,4,4,2131,5,4,2,1,11024000,36,0
Narayan Vihar,Apartment,4,3,1596,20,1,2,1,7369000,36,0
Narayan Vihar,Apartment,5,4,2835,7,6,1,1,15492000,36,0
Narayan Vihar,Apartment,4,3,1985,1,14,1,0,9860000,36,0
Narayan Vihar,Apartment,2,1,653,15,15,1,0,3209000,36,0
Narayan Vihar,Apartment,3,2,1369,7,8,2,1,7813000,36,0
Narayan Vihar,Apartment,3,3,1374,2,1,1,1,7014000,36,0
Narayan Vihar,Apartment,1,1,418,3,0,0,1,2149000,36,0
Narayan Vihar,Apartment,3,2,1119,7,9,1,1,5898000,36,0
Nirman Nagar,Apartment,3,2,1382,3,3,1,1,11441000,37,0
Nirman Nagar,Apartment,1,1,517,3,10,1,1,4629000,37,0
Nirman Nagar,Apartment,3,3,1029,5,12,2,1,7560000,37,0
Nirman Nagar,Apartment,5,5,3237,7,1,2,0,23834000,37,0
Nirman Nagar,Apartment,1,1,545,12,14,0,1,4082000,37,0
Nirman Nagar,Apartment,3,3,986,12,13,1,1,7130000,37,0
Nirman Nagar,Apartment,3,3,1417,10,12,0,0,10426000,37,0
Nirman Nagar,Apartment,4,3,1454,20,9,1,0,9955000,37,0
Nirman Nagar,Apartment,3,3,1471,8,11,1,0,11958000,37,0
Nirman Nagar,Apartment,1,1,494,8,8,0,1,4019000,37,0
Nirman Nagar,Apartment,5,5,3194,1,3,1,0,26302000,37,0
Nirman Nagar,Apartment,4,3,1777,3,14,2,0,15873000,37,0
Nirman Nagar,Plot,3,3,1732,15,0,0,1,21260000,37,1
Nirman Nagar,Plot,2,1,955,3,0,1,1,14962000,37,1
Nirman Nagar,Plot,2,1,1404,10,0,1,1,20901000,37,1
Nirman Nagar,Plot,2,1,1122,8,0,1,1,16272000,37,1
Nirman Nagar,Plot,2,2,1235,1,0,2,1,19806000,37,1
Nirman Nagar,Plot,4,4,2648,7,0,2,1,35871000,37,1
Nirman Nagar,Plot,2,1,1353,20,0,1,1,19467000,37,1
Nirman Nagar,Plot,3,2,1218,8,0,2,1,18047000,37,1
Nirman Nagar,Plot,5,5,3904,12,0,0,1,63721000,37,1
Nirman Nagar,Plot,2,2,1106,1,0,0,1,16687000,37,1
Nirman Nagar,Plot,5,4,3579,2,0,2,1,52905000,37,1
Nirman Nagar,Plot,3,3,1451,3,0,0,1,20529000,37,1
Patrakar Colony,Plot,4,3,2594,4,0,2,1,18937000,38,1
Patrakar Colony,Plot,2,2,1178,1,0,1,1,8223000,38,1
Patrakar Colony,Plot,3,3,2079,20,0,1,1,14524000,38,1
Patrakar Colony,Plot,2,1,1383,6,0,1,1,9966000,38,1
Patrakar Colony,Plot,3,2,1707,5,0,1,1,11667000,38,1
Patrakar Colony,Plot,3,3,1793,3,0,1,1,12942000,38,1
Patrakar Colony,Plot,4,3,2759,5,0,1,1,18734000,38,1
Patrakar Colony,Plot,2,1,1477,1,0,2,1,10444000,38,1
Patrakar Colony,Plot,3,3,1896,1,0,2,1,13345000,38,1
Patrakar Colony,Plot,5,4,3385,5,0,1,1,22413000,38,1
Patrakar Colony,Plot,2,1,1117,1,0,2,1,8441000,38,1
Patrakar Colony,Plot,1,1,544,8,0,0,1,3758000,38,1
Patrakar Colony,Apartment,3,3,1275,10,1,1,0,5081000,38,0
Patrakar Colony,Apartment,1,1,442,4,6,0,1,2083000,38,0
Patrakar Colony,Apartment,2,2,737,3,5,2,1,3738000,38,0
Patrakar Colony,Apartment,2,1,653,12,2,2,0,2964000,38,0
Patrakar Colony,Apartment,1,1,640,3,11,1,0,2756000,38,0
Patrakar Colony,Apartment,2,2,986,8,8,2,1,4771000,38,0
Patrakar Colony,Apartment,2,2,671,3,6,2,1,3479000,38,0
Patrakar Colony,Apartment,3,2,1302,4,5,1,0,5435000,38,0
Patrakar Colony,Apartment,3,3,1466,5,13,2,1,6987000,38,0
Patrakar Colony,Apartment,1,1,424,5,12,1,0,2166000,38,0
Patrakar Colony,Apartment,3,2,1390,1,15,1,0,6103000,38,0
Patrakar Colony,Apartment,4,3,2041,12,3,0,1,8358000,38,0
Pratap Nagar,Apartment,4,3,2076,8,0,1,0,9234000,39,0
Pratap Nagar,Apartment,2,2,892,3,9,0,0,4131000,39,0
Pratap Nagar,Apartment,5,5,2086,2,5,1,1,11260000,39,0
Pratap Nagar,Apartment,2,2,974,7,4,0,1,4631000,39,0
Pratap Nagar,Apartment,3,2,1263,7,9,0,1,5781000,39,0
Pratap Nagar,Apartment,5,4,2737,20,15,1,0,11110000,39,0
Pratap Nagar,Apartment,4,4,1748,12,9,1,1,7786000,39,0
Pratap Nagar,Apartment,5,4,2096,20,10,1,0,8596000,39,0
Pratap Nagar,Apartment,5,4,3069,1,3,2,1,14307000,39,0
Pratap Nagar,Apartment,3,2,1564,8,10,1,0,7442000,39,0
Pratap Nagar,Apartment,3,2,1159,1,12,1,0,5411000,39,0
Pratap Nagar,Apartment,4,3,1409,3,3,1,0,5871000,39,0
Pratap Nagar,Plot,5,5,3488,20,0,1,1,22178000,39,1
Pratap Nagar,Plot,3,2,1435,1,0,1,1,9944000,39,1
Pratap Nagar,Plot,3,2,1456,1,0,0,1,9268000,39,1
Pratap Nagar,Plot,3,3,1348,12,0,1,1,8943000,39,1
Pratap Nagar,Plot,2,2,1157,10,0,2,1,8352000,39,1
Pratap Nagar,Plot,3,3,1399,15,0,2,1,8762000,39,1
Pratap Nagar,Plot,3,2,1463,10,0,1,1,10424000,39,1
Pratap Nagar,Plot,3,3,1593,6,0,0,1,10441000,39,1
Pratap Nagar,Plot,2,2,1348,1,0,1,1,8858000,39,1
Pratap Nagar,Plot,2,1,958,10,0,1,1,5902000,39,1
Pratap Nagar,Plot,2,1,1402,3,0,0,1,9242000,39,1
Pratap Nagar,Plot,3,3,1420,7,0,0,1,8719000,39,1
Raja Park,Apartment,2,1,707,2,8,2,0,5378000,40,0
Raja Park,Apartment,3,3,1074,10,12,1,0,7044000,40,0
Raja Park,Apartment,1,1,431,10,11,1,1,3218000,40,0
Raja Park,Apartment,1,1,600,15,3,2,0,4257000,40,0
Raja Park,Apartment,4,3,1730,2,15,1,1,12430000,40,0
Raja Park,Apartment,4,3,1939,3,7,0,0,13246000,40,0
Raja Park,Apartment,2,2,1049,6,1,1,0,7030000,40,0
Raja Park,Apartment,3,3,1343,1,1,0,1,8595000,40,0
Raja Park,Apartment,3,2,1264,5,11,0,1,8999000,40,0
Raja Park,Apartment,4,4,1854,3,3,1,1,12543000,40,0
Raja Park,Apartment,3,3,950,5,2,1,1,7199000,40,0
Raja Park,Apartment,2,2,671,5,12,0,0,4532000,40,0
Raja Park,Plot,2,2,1091,3,0,0,1,9598000,40,1
Raja Park,Plot,3,2,1583,1,0,0,1,14987000,40,1
Raja Park,Plot,1,1,584,4,0,1,1,5387000,40,1
Raja Park,Plot,3,3,1258,7,0,0,1,10189000,40,1
Raja Park,Plot,2,1,1313,1,0,2,1,11608000,40,1
Raja Park,Plot,3,2,1469,4,0,1,1,13506000,40,1
Raja Park,Plot,2,1,831,15,0,0,1,7141000,40,1
Raja Park,Plot,3,2,1857,3,0,2,1,15196000,40,1
Raja Park,Plot,2,1,942,3,0,2,1,9110000,40,1
Raja Park,Plot,2,1,971,12,0,2,1,7989000,40,1
Raja Park,Plot,3,3,1261,2,0,0,1,10704000,40,1
Raja Park,Plot,4,3,2784,10,0,0,1,23633000,40,1
Renwal Manji,Plot,3,3,1291,3,0,0,1,2688000,41,1
Renwal Manji,Plot,5,5,3855,8,0,1,1,8005000,41,1
Renwal Manji,Plot,2,1,1442,2,0,0,1,2878000,41,1
Renwal Manji,Plot,2,2,1099,2,0,0,1,2564000,41,1
Renwal Manji,Plot,1,1,796,7,0,1,1,1918000,41,1
Renwal Manji,Plot,4,4,1857,1,0,1,1,4208000,41,1
Renwal Manji,Plot,2,2,961,7,0,0,1,1902000,41,1
Renwal Manji,Plot,1,1,812,10,0,1,1,1990000,41,1
Renwal Manji,Plot,3,3,2016,12,0,1,1,4312000,41,1
Renwal Manji,Plot,2,2,899,1,0,0,1,1954000,41,1
Renwal Manji,Plot,2,2,1425,4,0,0,1,2819000,41,1
Renwal Manji,Plot,5,5,3080,7,0,1,1,6397000,41,1
Renwal Manji,Apartment,2,1,864,15,15,1,1,1733000,41,0
Renwal Manji,Apartment,3,3,1118,2,4,1,0,2059000,41,0
Renwal Manji,Apartment,4,3,1937,2,7,0,1,3448000,41,0
Renwal Manji,Apartment,2,2,918,1,10,1,0,1857000,41,0
Renwal Manji,Apartment,2,2,935,15,12,2,1,2280000,41,0
Renwal Manji,Apartment,4,3,1957,12,9,1,0,3236000,41,0
Renwal Manji,Apartment,3,3,1395,3,5,2,1,3064000,41,0
Renwal Manji,Apartment,3,2,1512,2,6,0,0,2587000,41,0
Renwal Manji,Apartment,3,3,1343,8,10,0,1,2361000,41,0
Renwal Manji,Apartment,4,3,2158,3,0,1,1,3840000,41,0
Renwal Manji,Apartment,2,1,782,20,8,1,0,1435000,41,0
Renwal Manji,Apartment,4,4,1732,5,4,0,1,3259000,41,0
Ring Road,Plot,3,2,1555,20,0,2,1,7618000,42,1
Ring Road,Plot,3,2,1753,15,0,1,1,8333000,42,1
Ring Road,Plot,5,5,4911,3,0,0,1,25671000,42,1
Ring Road,Plot,2,2,994,7,0,1,1,5354000,42,1
Ring Road,Plot,1,1,822,7,0,2,1,4758000,42,1
Ring Road,Plot,3,3,1561,2,0,1,1,8342000,42,1
Ring Road,Plot,3,3,1628,7,0,1,1,8087000,42,1
Ring Road,Plot,4,3,2981,2,0,2,1,15855000,42,1
Ring Road,Plot,1,1,715,20,0,0,1,3547000,42,1
Ring Road,Plot,5,5,3670,6,0,1,1,18133000,42,1
Ring Road,Plot,3,3,2060,8,0,2,1,10670000,42,1
Ring Road,Plot,4,3,2253,3,0,2,1,12878000,42,1
Ring Road,Apartment,2,1,662,2,15,0,0,2744000,42,0
Ring Road,Apartment,3,3,1154,1,5,2,0,5342000,42,0
Ring Road,Apartment,3,3,1421,8,0,0,1,5452000,42,0
Ring Road,Apartment,3,3,1500,20,15,0,1,5974000,42,0
Ring Road,Apartment,4,4,2048,1,6,0,0,9237000,42,0
Ring Road,Apartment,2,2,968,3,15,1,1,4390000,42,0
Ring Road,Apartment,2,1,912,4,4,0,1,4011000,42,0
Ring Road,Apartment,4,3,2181,6,0,2,0,8625000,42,0
Ring Road,Apartment,3,2,1135,5,3,1,0,5054000,42,0
Ring Road,Apartment,3,2,1437,4,0,2,1,6153000,42,0
Ring Road,Apartment,4,4,1725,10,4,1,0,7065000,42,0
Ring Road,Apartment,2,2,871,3,15,1,0,3858000,42,0
Sanganer,Apartment,2,2,661,3,4,2,1,3395000,43,0
Sanganer,Apartment,3,3,1353,8,8,1,0,5852000,43,0
Sanganer,Apartment,3,3,1052,3,0,2,0,4689000,43,0
Sanganer,Apartment,4,4,1905,12,13,2,0,9678000,43,0
Sanganer,Apartment,2,2,934,2,0,1,1,4705000,43,0
Sanganer,Apartment,2,2,765,6,1,2,0,3831000,43,0
Sanganer,Apartment,3,2,1131,7,2,0,1,5323000,43,0
Sanganer,Apartment,4,3,1499,8,2,0,0,6300000,43,0
Sanganer,Apartment,3,3,1412,12,10,0,1,6135000,43,0
Sanganer,Apartment,5,4,2058,10,10,1,1,8848000,43,0
Sanganer,Apartment,4,4,1538,10,6,0,1,6988000,43,0
Sanganer,Apartment,2,1,1072,1,11,1,0,4832000,43,0
Sanganer,Plot,4,4,2838,2,0,2,1,9150000,43,1
Sanganer,Plot,1,1,508,2,0,1,1,1874000,43,1
Sanganer,Plot,2,1,1042,3,0,1,1,3875000,43,1
Sanganer,Plot,3,2,1811,6,0,1,1,5963000,43,1
Sanganer,Plot,3,3,2048,5,0,0,1,5928000,43,1
Sanganer,Plot,2,2,1028,1,0,0,1,3350000,43,1
Sanganer,Plot,5,5,4538,7,0,0,1,13008000,43,1
Sanganer,Plot,1,1,879,1,0,2,1,3250000,43,1
Sanganer,Plot,3,2,1874,8,0,2,1,5722000,43,1
Sanganer,Plot,1,1,605,12,0,1,1,1935000,43,1
Sanganer,Plot,3,3,1460,1,0,0,1,4179000,43,1
Sanganer,Plot,2,2,806,8,0,0,1,2332000,43,1
Shivdaspura,Plot,3,3,1710,7,0,0,1,5649000,44,1
Shivdaspura,Plot,3,2,1941,15,0,1,1,6296000,44,1
Shivdaspura,Plot,3,2,1449,10,0,1,1,4572000,44,1
Shivdaspura,Plot,3,3,1654,1,0,1,1,5433000,44,1
Shivdaspura,Plot,3,3,1314,6,0,0,1,4642000,44,1
Shivdaspura,Plot,2,1,1338,1,0,1,1,4793000,44,1
Shivdaspura,Plot,1,1,783,7,0,2,1,3120000,44,1
Shivdaspura,Plot,3,3,2068,20,0,2,1,7344000,44,1
Shivdaspura,Plot,1,1,761,1,0,1,1,2885000,44,1
Shivdaspura,Plot,3,2,1548,6,0,1,1,5487000,44,1
Shivdaspura,Plot,4,3,2243,6,0,2,1,7956000,44,1
Shivdaspura,Plot,4,4,2034,4,0,1,1,7407000,44,1
Shivdaspura,Apartment,4,3,2175,20,1,1,0,5810000,44,0
Shivdaspura,Apartment,3,2,1251,1,15,1,0,3582000,44,0
Shivdaspura,Apartment,4,4,1437,6,4,1,1,4506000,44,0
Shivdaspura,Apartment,3,2,1257,8,12,0,1,3617000,44,0
Shivdaspura,Apartment,3,2,1354,3,4,0,1,4464000,44,0
Shivdaspura,Apartment,3,2,1251,5,8,2,0,3994000,44,0
Shivdaspura,Apartment,3,2,1126,20,13,1,0,3182000,44,0
Shivdaspura,Apartment,2,1,705,8,12,0,1,2016000,44,0
Shivdaspura,Apartment,3,2,1364,7,6,1,1,4390000,44,0
Shivdaspura,Apartment,1,1,356,1,6,2,1,1648000,44,0
Shivdaspura,Apartment,3,3,1406,5,12,1,0,4498000,44,0
Shivdaspura,Apartment,2,2,1093,4,14,1,0,3395000,44,0
Shyam Nagar,Apartment,4,3,1756,3,7,1,1,17616000,45,0
Shyam Nagar,Apartment,3,2,1189,1,5,1,1,11325000,45,0
Shyam Nagar,Apartment,1,1,448,12,6,1,0,3830000,45,0
Shyam Nagar,Apartment,3,2,1331,7,3,2,1,12628000,45,0
Shyam Nagar,Apartment,5,5,3261,5,15,1,1,32531000,45,0
Shyam Nagar,Apartment,4,4,1513,12,0,1,1,11320000,45,0
Shyam Nagar,Apartment,1,1,387,5,8,1,0,3528000,45,0
Shyam Nagar,Apartment,2,2,1072,4,11,2,0,9764000,45,0
Shyam Nagar,Apartment,4,4,1917,20,10,0,1,14978000,45,0
Shyam Nagar,Apartment,4,4,2055,8,15,1,1,18849000,45,0
Shyam Nagar,Apartment,4,3,1793,12,11,0,1,14604000,45,0
Shyam Nagar,Apartment,5,4,2220,5,13,1,1,22050000,45,0
Shyam Nagar,Plot,3,2,1533,6,0,1,1,25318000,45,1
Shyam Nagar,Plot,2,2,833,1,0,0,1,16186000,45,1
Shyam Nagar,Plot,2,1,1357,6,0,0,1,22982000,45,1
Shyam Nagar,Plot,3,2,1243,7,0,2,1,21847000,45,1
Shyam Nagar,Plot,2,1,1311,1,0,1,1,22277000,45,1
Shyam Nagar,Plot,3,3,2037,20,0,1,1,35173000,45,1
Shyam Nagar,Plot,4,3,3480,1,0,1,1,63677000,45,1
Shyam Nagar,Plot,3,3,1519,1,0,0,1,28614000,45,1
Shyam Nagar,Plot,2,1,1491,4,0,1,1,25857000,45,1
Shyam Nagar,Plot,3,2,2022,2,0,2,1,35623000,45,1
Shyam Nagar,Plot,4,3,2110,1,0,0,1,37288000,45,1
Shyam Nagar,Plot,5,5,4858,1,0,1,1,87225000,45,1
Siddharth Nagar,Apartment,4,4,1840,3,2,1,0,27989000,46,0
Siddharth Nagar,Apartment,4,3,2070,12,13,2,1,31205000,46,0
Siddharth Nagar,Apartment,5,4,2074,8,3,0,1,29168000,46,0
Siddharth Nagar,Apartment,4,3,1696,12,7,1,1,25714000,46,0
Siddharth Nagar,Apartment,4,4,1725,5,10,1,0,26444000,46,0
Siddharth Nagar,Apartment,5,4,2797,5,8,1,0,40592000,46,0
Siddharth Nagar,Apartment,2,2,659,5,0,1,0,9002000,46,0
Siddharth Nagar,Apartment,1,1,636,4,6,0,1,9262000,46,0
Siddharth Nagar,Apartment,4,3,2056,3,8,1,1,32009000,46,0
Siddharth Nagar,Apartment,2,2,767,4,8,1,0,11360000,46,0
Siddharth Nagar,Apartment,3,3,1005,12,4,2,1,14476000,46,0
Siddharth Nagar,Apartment,4,4,1786,12,0,2,1,24020000,46,0
Siddharth Nagar,Plot,3,2,1861,4,0,1,1,18364000,46,1
Siddharth Nagar,Plot,3,2,2045,3,0,1,1,20357000,46,1
Siddharth Nagar,Plot,3,3,2194,3,0,0,1,22914000,46,1
Siddharth Nagar,Plot,3,2,1540,6,0,1,1,16094000,46,1
Siddharth Nagar,Plot,3,3,1937,1,0,0,1,20242000,46,1
Siddharth Nagar,Plot,2,2,954,8,0,0,1,9887000,46,1
Siddharth Nagar,Plot,3,2,1633,8,0,0,1,15493000,46,1
Siddharth Nagar,Plot,2,1,1052,7,0,2,1,11024000,46,1
Siddharth Nagar,Plot,4,4,2347,3,0,0,1,26302000,46,1
Siddharth Nagar,Plot,3,2,1763,6,0,2,1,18883000,46,1
Siddharth Nagar,Plot,3,2,1863,5,0,1,1,19165000,46,1
Siddharth Nagar,Plot,4,3,2610,5,0,2,1,25964000,46,1
Sikar Road,Apartment,3,3,1570,12,9,0,0,7207000,47,0
Sikar Road,Apartment,3,3,1566,2,7,1,0,8260000,47,0
Sikar Road,Apartment,2,1,743,2,10,1,1,4167000,47,0
Sikar Road,Apartment,4,4,1548,8,14,2,1,9056000,47,0
Sikar Road,Apartment,4,4,1781,4,13,2,0,9944000,47,0
Sikar Road,Apartment,3,2,1387,6,15,0,0,7673000,47,0
Sikar Road,Apartment,4,3,1562,3,4,1,1,8752000,47,0
Sikar Road,Apartment,2,2,787,10,13,1,1,4128000,47,0
Sikar Road,Apartment,2,2,1075,8,2,1,0,5098000,47,0
Sikar Road,Apartment,1,1,440,3,1,2,0,2564000,47,0
Sikar Road,Apartment,2,2,1005,3,12,0,0,5459000,47,0
Sikar Road,Apartment,4,4,2112,2,15,1,0,11777000,47,0
Sikar Road,Plot,2,1,1170,1,0,2,1,5753000,47,1
Sikar Road,Plot,4,4,3151,1,0,2,1,14088000,47,1
Sikar Road,Plot,3,3,1899,3,0,2,1,9065000,47,1
Sikar Road,Plot,3,3,2172,1,0,0,1,9262000,47,1
Sikar Road,Plot,2,1,1369,1,0,1,1,6500000,47,1
Sikar Road,Plot,4,3,2192,1,0,2,1,10536000,47,1
Sikar Road,Plot,3,2,1705,6,0,1,1,7572000,47,1
Sikar Road,Plot,4,3,2832,3,0,0,1,12267000,47,1
Sikar Road,Plot,3,2,2004,3,0,2,1,9739000,47,1
Sikar Road,Plot,3,3,1719,3,0,0,1,8698000,47,1
Sikar Road,Plot,4,4,3031,2,0,1,1,14147000,47,1
Sikar Road,Plot,2,1,1076,5,0,1,1,4627000,47,1
Sirsi Road,Plot,3,3,1542,15,0,2,1,7029000,48,1
Sirsi Road,Plot,3,3,2051,4,0,1,1,10892000,48,1
Sirsi Road,Plot,2,1,1339,20,0,1,1,7032000,48,1
Sirsi Road,Plot,3,2,1516,4,0,2,1,8286000,48,1
Sirsi Road,Plot,5,5,3716,6,0,0,1,17780000,48,1
Sirsi Road,Plot,2,1,931,5,0,2,1,5368000,48,1
Sirsi Road,Plot,3,3,1414,10,0,2,1,7078000,48,1
Sirsi Road,Plot,2,1,800,4,0,2,1,4537000,48,1
Sirsi Road,Plot,3,3,2139,15,0,2,1,10079000,48,1
Sirsi Road,Plot,3,2,1498,20,0,2,1,7347000,48,1
Sirsi Road,Plot,3,2,1553,1,0,2,1,7923000,48,1
Sirsi Road,Plot,3,3,1525,1,0,0,1,7879000,48,1
Sirsi Road,Apartment,3,2,1224,10,0,0,0,4665000,48,0
Sirsi Road,Apartment,2,1,994,15,9,0,1,4626000,48,0
Sirsi Road,Apartment,3,2,1093,2,12,1,0,4757000,48,0
Sirsi Road,Apartment,4,4,1696,5,5,0,1,8165000,48,0
Sirsi Road,Apartment,2,2,754,1,9,1,0,3522000,48,0
Sirsi Road,Apartment,2,2,1099,7,8,2,1,5148000,48,0
Sirsi Road,Apartment,3,3,1367,5,14,2,1,6566000,48,0
Sirsi Road,Apartment,2,2,668,12,7,1,0,2773000,48,0
Sirsi Road,Apartment,1,1,577,10,2,1,1,2826000,48,0
Sirsi Road,Apartment,3,3,1597,7,11,1,0,7413000,48,0
Sirsi Road,Apartment,5,4,2212,12,11,1,0,10405000,48,0
Sirsi Road,Apartment,3,2,1359,3,12,1,1,6146000,48,0
Tilak Nagar,Apartment,1,1,426,1,11,2,1,4537000,49,0
Tilak Nagar,Apartment,4,4,1767,1,15,0,1,15609000,49,0
Tilak Nagar,Apartment,2,2,1095,12,15,2,0,10074000,49,0
Tilak Nagar,Apartment,3,2,1008,7,14,1,0,8881000,49,0
Tilak Nagar,Apartment,2,2,935,15,14,2,1,8534000,49,0
Tilak Nagar,Apartment,4,4,1862,5,3,0,1,16121000,49,0
Tilak Nagar,Apartment,3,2,1198,6,10,0,1,9968000,49,0
Tilak Nagar,Apartment,3,2,969,8,8,2,1,8640000,49,0
Tilak Nagar,Apartment,2,1,704,1,7,0,1,6319000,49,0
Tilak Nagar,Apartment,4,3,2121,4,1,2,0,18302000,49,0
Tilak Nagar,Apartment,3,2,1518,2,0,1,0,11835000,49,0
Tilak Nagar,Apartment,4,3,1475,7,4,0,1,11760000,49,0
Tilak Nagar,Plot,2,2,1441,8,0,0,1,28893000,49,1
Tilak Nagar,Plot,3,3,1251,3,0,1,1,25758000,49,1
Tilak Nagar,Plot,5,4,3452,6,0,1,1,72723000,49,1
Tilak Nagar,Plot,1,1,742,7,0,0,1,16224000,49,1
Tilak Nagar,Plot,3,3,1564,5,0,2,1,31677000,49,1
Tilak Nagar,Plot,3,3,1210,7,0,0,1,25368000,49,1
Tilak Nagar,Plot,1,1,854,8,0,0,1,17215000,49,1
Tilak Nagar,Plot,4,4,2416,15,0,1,1,45288000,49,1
Tilak Nagar,Plot,3,2,1343,10,0,0,1,25726000,49,1
Tilak Nagar,Plot,1,1,671,4,0,1,1,12436000,49,1
Tilak Nagar,Plot,3,3,2050,4,0,0,1,40906000,49,1
Tilak Nagar,Plot,3,2,1779,20,0,0,1,32695000,49,1
Vaishali Nagar,Apartment,2,1,1033,15,0,1,0,4957000,50,0
Vaishali Nagar,Apartment,3,2,1143,7,7,1,0,5508000,50,0
Vaishali Nagar,Apartment,2,2,915,1,11,1,1,4819000,50,0
Vaishali Nagar,Apartment,2,1,878,10,1,1,0,4253000,50,0
Vaishali Nagar,Apartment,5,5,2203,2,11,2,1,11509000,50,0
Vaishali Nagar,Apartment,3,2,1471,12,6,1,0,6392000,50,0
Vaishali Nagar,Apartment,2,2,948,2,3,2,1,5084000,50,0
Vaishali Nagar,Apartment,4,4,1567,5,7,1,1,8166000,50,0
Vaishali Nagar,Apartment,4,3,1677,3,13,0,1,8705000,50,0
Vaishali Nagar,Apartment,3,2,1237,1,10,2,0,6894000,50,0
Vaishali Nagar,Apartment,3,2,1218,8,2,0,1,5978000,50,0
Vaishali Nagar,Apartment,3,3,1045,2,12,0,1,5364000,50,0
Vaishali Nagar,Plot,3,3,1611,20,0,2,1,10575000,50,1
Vaishali Nagar,Plot,2,2,1189,3,0,1,1,9034000,50,1
Vaishali Nagar,Plot,1,1,709,7,0,1,1,5224000,50,1
Vaishali Nagar,Plot,2,1,1389,3,0,0,1,9752000,50,1
Vaishali Nagar,Plot,4,3,2874,4,0,1,1,18270000,50,1
Vaishali Nagar,Plot,3,2,2124,3,0,1,1,15450000,50,1
Vaishali Nagar,Plot,2,2,1129,5,0,1,1,7602000,50,1
Vaishali Nagar,Plot,3,2,1298,1,0,2,1,8007000,50,1
Vaishali Nagar,Plot,2,1,1302,3,0,0,1,8168000,50,1
Vaishali Nagar,Plot,3,2,1533,15,0,0,1,9533000,50,1
Vaishali Nagar,Plot,2,1,998,8,0,1,1,6290000,50,1
Vaishali Nagar,Plot,2,1,1095,12,0,2,1,7404000,50,1
Vaishali Nagar Ext.,Plot,3,2,2024,1,0,0,1,15308000,51,1
Vaishali Nagar Ext.,Plot,4,4,3044,12,0,0,1,21792000,51,1
Vaishali Nagar Ext.,Plot,3,3,1754,1,0,1,1,14143000,51,1
Vaishali Nagar Ext.,Plot,3,3,1960,6,0,2,1,15076000,51,1
Vaishali Nagar Ext.,Plot,4,3,2825,10,0,2,1,23257000,51,1
Vaishali Nagar Ext.,Plot,4,4,2533,7,0,2,1,20354000,51,1
Vaishali Nagar Ext.,Plot,2,2,1315,12,0,2,1,10389000,51,1
Vaishali Nagar Ext.,Plot,3,3,1536,1,0,0,1,12266000,51,1
Vaishali Nagar Ext.,Plot,4,4,3088,3,0,0,1,21585000,51,1
Vaishali Nagar Ext.,Plot,4,4,2604,2,0,1,1,19268000,51,1
Vaishali Nagar Ext.,Plot,3,3,2089,3,0,2,1,16603000,51,1
Vaishali Nagar Ext.,Plot,3,3,1596,8,0,1,1,11942000,51,1
Vaishali Nagar Ext.,Apartment,1,1,408,12,4,0,1,1630000,51,0
Vaishali Nagar Ext.,Apartment,5,4,2576,4,7,0,0,10968000,51,0
Vaishali Nagar Ext.,Apartment,3,2,1439,20,0,1,0,4970000,51,0
Vaishali Nagar Ext.,Apartment,3,2,1510,1,3,0,0,6588000,51,0
Vaishali Nagar Ext.,Apartment,3,2,1127,2,9,1,1,4990000,51,0
Vaishali Nagar Ext.,Apartment,5,4,2373,6,1,1,1,9879000,51,0
Vaishali Nagar Ext.,Apartment,2,1,1050,6,11,1,1,4572000,51,0
Vaishali Nagar Ext.,Apartment,4,3,1618,1,14,0,0,6808000,51,0
Vaishali Nagar Ext.,Apartment,5,5,3204,1,4,0,0,13944000,51,0
Vaishali Nagar Ext.,Apartment,3,2,1061,5,5,1,0,4308000,51,0
Vaishali Nagar Ext.,Apartment,3,2,1435,5,10,2,0,6450000,51,0
Vaishali Nagar Ext.,Apartment,2,1,803,2,9,0,1,3489000,51,0
Vatika,Plot,3,3,1626,10,0,1,1,4011000,52,1
Vatika,Plot,3,3,1663,12,0,1,1,4024000,52,1
Vatika,Plot,2,1,1437,6,0,0,1,3356000,52,1
Vatika,Plot,2,2,806,1,0,1,1,2112000,52,1
Vatika,Plot,4,3,2372,6,0,1,1,5869000,52,1
Vatika,Plot,1,1,753,4,0,1,1,2045000,52,1
Vatika,Plot,2,1,1293,5,0,0,1,3071000,52,1
Vatika,Plot,1,1,606,3,0,0,1,1577000,52,1
Vatika,Plot,2,2,1365,4,0,1,1,3279000,52,1
Vatika,Plot,3,2,1768,6,0,1,1,5072000,52,1
Vatika,Plot,3,3,1456,10,0,1,1,3541000,52,1
Vatika,Plot,2,1,1471,8,0,0,1,3606000,52,1
Vatika,Apartment,2,1,677,4,2,1,0,1490000,52,0
Vatika,Apartment,2,1,969,2,14,2,0,2424000,52,0
Vatika,Apartment,3,3,1416,3,0,0,0,2595000,52,0
Vatika,Apartment,4,3,1816,3,2,2,0,4158000,52,0
Vatika,Apartment,2,1,878,1,4,2,1,2299000,52,0
Vatika,Apartment,2,1,896,6,0,2,1,2400000,52,0
Vatika,Apartment,5,5,2789,4,8,0,1,5884000,52,0
Vatika,Apartment,4,4,1706,6,0,0,0,3137000,52,0
Vatika,Apartment,2,2,680,5,13,1,1,1707000,52,0
Vatika,Apartment,1,1,536,4,1,1,0,1143000,52,0
Vatika,Apartment,3,3,1197,20,2,2,0,2518000,52,0
Vatika,Apartment,2,1,1093,12,7,1,0,2278000,52,0
Vatika Road,Plot,4,4,3460,7,0,1,1,11179000,53,1
Vatika Road,Plot,3,2,1238,3,0,1,1,4547000,53,1
Vatika Road,Plot,2,1,1327,20,0,0,1,4282000,53,1
Vatika Road,Plot,3,2,1241,3,0,2,1,4977000,53,1
Vatika Road,Plot,2,2,1017,5,0,1,1,3507000,53,1
Vatika Road,Plot,4,3,2697,3,0,0,1,9418000,53,1
Vatika Road,Plot,4,4,2717,5,0,2,1,9601000,53,1
Vatika Road,Plot,2,1,1057,8,0,1,1,3829000,53,1
Vatika Road,Plot,2,2,1125,5,0,0,1,3934000,53,1
Vatika Road,Plot,5,4,3977,5,0,2,1,14082000,53,1
Vatika Road,Plot,3,3,1692,7,0,1,1,6200000,53,1
Vatika Road,Plot,4,3,2860,1,0,1,1,9829000,53,1
Vatika Road,Apartment,3,3,960,15,15,0,1,2911000,53,0
Vatika Road,Apartment,2,2,969,2,10,2,0,3273000,53,0
Vatika Road,Apartment,3,2,1046,7,4,1,0,2972000,53,0
Vatika Road,Apartment,3,3,1157,8,10,1,1,3802000,53,0
Vatika Road,Apartment,5,4,2516,8,1,2,0,6967000,53,0
Vatika Road,Apartment,2,1,974,3,2,0,0,2835000,53,0
Vatika Road,Apartment,4,3,1545,10,6,0,1,4097000,53,0
Vatika Road,Apartment,2,2,968,12,15,1,0,2713000,53,0
Vatika Road,Apartment,3,2,1093,1,4,2,0,3492000,53,0
Vatika Road,Apartment,2,1,876,4,5,1,1,2935000,53,0
Vatika Road,Apartment,3,3,978,8,3,0,1,2910000,53,0
Vatika Road,Apartment,5,5,2552,4,15,0,1,7483000,53,0
Vidyadhar Nagar,Apartment,3,3,1561,5,3,1,1,10492000,54,0
Vidyadhar Nagar,Apartment,4,4,1659,1,14,1,0,11734000,54,0
Vidyadhar Nagar,Apartment,1,1,565,10,4,1,0,3781000,54,0
Vidyadhar Nagar,Apartment,3,3,1242,4,12,0,0,7497000,54,0
Vidyadhar Nagar,Apartment,5,4,2209,5,9,2,0,13901000,54,0
Vidyadhar Nagar,Apartment,4,3,1978,5,2,1,0,12082000,54,0
Vidyadhar Nagar,Apartment,3,2,1280,2,11,1,0,8806000,54,0
Vidyadhar Nagar,Apartment,5,5,2746,4,9,2,0,16849000,54,0
Vidyadhar Nagar,Apartment,3,3,1466,8,10,1,1,9336000,54,0
Vidyadhar Nagar,Apartment,1,1,560,1,8,0,1,4075000,54,0
Vidyadhar Nagar,Apartment,2,2,959,6,14,2,0,6627000,54,0
Vidyadhar Nagar,Apartment,5,5,3329,4,0,0,1,21457000,54,0
Vidyadhar Nagar,Plot,4,3,2351,1,0,1,1,13298000,54,1
Vidyadhar Nagar,Plot,3,3,2035,15,0,1,1,11443000,54,1
Vidyadhar Nagar,Plot,2,2,1268,5,0,1,1,7291000,54,1
Vidyadhar Nagar,Plot,2,1,1022,3,0,1,1,5727000,54,1
Vidyadhar Nagar,Plot,3,2,2083,8,0,1,1,11455000,54,1
Vidyadhar Nagar,Plot,4,3,3078,4,0,0,1,16019000,54,1
Vidyadhar Nagar,Plot,3,3,1544,12,0,2,1,9067000,54,1
Vidyadhar Nagar,Plot,4,3,2510,7,0,0,1,13777000,54,1
Vidyadhar Nagar,Plot,4,4,2102,3,0,1,1,11357000,54,1
Vidyadhar Nagar,Plot,3,3,1702,8,0,1,1,8972000,54,1
Vidyadhar Nagar,Plot,4,4,2964,15,0,1,1,15916000,54,1
Vidyadhar Nagar,Plot,3,2,1285,5,0,1,1,7559000,54,1
